N_a,n_a,seed_a,N_b,n_b,seed_b,d_l2
34,0.85,120000,34,0.85,120001,0.0006441789608547365
34,0.85,120000,34,0.85,120002,0.00039758030629446107
34,0.85,120000,34,0.85,120003,0.00025884717627264365
34,0.85,120000,34,0.85,120004,0.0005794396150499315
34,0.85,120000,34,0.85,120005,0.0008687431198389497
34,0.85,120000,34,0.85,120006,0.0006008785466477827
34,0.85,120000,34,0.85,120007,0.000850759039342713
34,0.85,120000,34,0.85,120008,0.0015508956227634758
34,0.85,120000,34,0.85,120009,0.0005141693344806337
34,0.85,120000,34,0.85,120010,0.0009500589770126838
34,0.85,120000,34,0.85,120011,0.0012447521921137032
34,0.85,120000,34,0.85,120012,0.0020471833502456595
34,0.85,120000,34,0.85,120013,0.0013554410925168175
34,0.85,120000,34,0.85,120014,0.0009907931489817616
34,0.85,120000,34,0.85,120015,0.0005576904853680697
34,0.85,120000,34,0.85,120016,0.001014645432541981
34,0.85,120000,34,0.85,120017,0.00023166175921672077
34,0.85,120000,34,0.85,120018,0.001214351500760265
34,0.85,120000,34,0.85,120019,0.002354396196213521
34,0.85,120000,35,0.85,120000,0.0002692783552160446
34,0.85,120000,35,0.85,120001,0.0017619218612247194
34,0.85,120000,35,0.85,120002,0.0007381868379006598
34,0.85,120000,35,0.85,120003,0.0001889076275406807
34,0.85,120000,35,0.85,120004,0.002576265415314941
34,0.85,120000,35,0.85,120005,0.0019572647937095514
34,0.85,120000,35,0.85,120006,0.0006690654430238248
34,0.85,120000,35,0.85,120007,0.0010782308289490746
34,0.85,120000,35,0.85,120008,0.000829260912770847
34,0.85,120000,35,0.85,120009,0.0012027182728532894
34,0.85,120000,35,0.85,120010,0.0018710985338539733
34,0.85,120000,35,0.85,120011,0.001525800408457013
34,0.85,120000,35,0.85,120012,0.0018528220814892401
34,0.85,120000,35,0.85,120013,0.0006761612163348629
34,0.85,120000,35,0.85,120014,0.0005857491278636878
34,0.85,120000,35,0.85,120015,0.0007616861630507503
34,0.85,120000,35,0.85,120016,0.0014932171152758564
34,0.85,120000,35,0.85,120017,0.0010774143096163675
34,0.85,120000,35,0.85,120018,0.002134530164970313
34,0.85,120000,35,0.85,120019,0.0014030272727808774
34,0.85,120000,36,0.85,120000,0.0025640119931442293
34,0.85,120000,36,0.85,120001,0.0019799822355702655
34,0.85,120000,36,0.85,120002,0.0013122864790374236
34,0.85,120000,36,0.85,120003,0.002043717019284101
34,0.85,120000,36,0.85,120004,0.003288791920539033
34,0.85,120000,36,0.85,120005,0.0010042674314696793
34,0.85,120000,36,0.85,120006,0.0011492490093021556
34,0.85,120000,36,0.85,120007,0.0017122799086611495
34,0.85,120000,36,0.85,120008,0.0021487391912971836
34,0.85,120000,36,0.85,120009,0.0029290305693705407
34,0.85,120000,36,0.85,120010,0.002491672695255377
34,0.85,120000,36,0.85,120011,0.002014772854899768
34,0.85,120000,36,0.85,120012,0.0015592684450192352
34,0.85,120000,36,0.85,120013,0.002841780719770866
34,0.85,120000,36,0.85,120014,0.0019112205350031246
34,0.85,120000,36,0.85,120015,0.0025676995875909
34,0.85,120000,36,0.85,120016,0.001998930767545344
34,0.85,120000,36,0.85,120017,0.0026286660815852793
34,0.85,120000,36,0.85,120018,0.001909683852517873
34,0.85,120000,36,0.85,120019,0.002844966986593316
34,0.85,120001,34,0.85,120002,0.00098197021703771
34,0.85,120001,34,0.85,120003,0.00042078143520881734
34,0.85,120001,34,0.85,120004,0.00024030251826893378
34,0.85,120001,34,0.85,120005,0.0012602701680895453
34,0.85,120001,34,0.85,120006,0.0003324312043739261
34,0.85,120001,34,0.85,120007,0.00022429667949761125
34,0.85,120001,34,0.85,120008,0.0010593025796382747
34,0.85,120001,34,0.85,120009,0.0004798618612404495
34,0.85,120001,34,0.85,120010,0.0004953339458065518
34,0.85,120001,34,0.85,120011,0.0006355599892068483
34,0.85,120001,34,0.85,120012,0.0025062735855134162
34,0.85,120001,34,0.85,120013,0.0008473210854696631
34,0.85,120001,34,0.85,120014,0.0013830743856869654
34,0.85,120001,34,0.85,120015,0.00018812880042584398
34,0.85,120001,34,0.85,120016,0.0014424282976950697
34,0.85,120001,34,0.85,120017,0.0005606767778639563
34,0.85,120001,34,0.85,120018,0.0006705388871372945
34,0.85,120001,34,0.85,120019,0.0027816138801469215
34,0.85,120001,35,0.85,120000,0.000485764292674739
34,0.85,120001,35,0.85,120001,0.0013240844221613928
34,0.85,120001,35,0.85,120002,0.0005920963875772838
34,0.85,120001,35,0.85,120003,0.0006048055306432379
34,0.85,120001,35,0.85,120004,0.0021361386248949813
34,0.85,120001,35,0.85,120005,0.0017578578461615354
34,0.85,120001,35,0.85,120006,0.0006349319484591713
34,0.85,120001,35,0.85,120007,0.0008661392161949501
34,0.85,120001,35,0.85,120008,0.0007994864369983459
34,0.85,120001,35,0.85,120009,0.0007894294457300845
34,0.85,120001,35,0.85,120010,0.0014475698269060403
34,0.85,120001,35,0.85,120011,0.0011378562152598054
34,0.85,120001,35,0.85,120012,0.0014174885526480093
34,0.85,120001,35,0.85,120013,0.0006721415087404657
34,0.85,120001,35,0.85,120014,0.0007724774718117234
34,0.85,120001,35,0.85,120015,0.0005776064863562398
34,0.85,120001,35,0.85,120016,0.0013265251717748114
34,0.85,120001,35,0.85,120017,0.0007814286354832624
34,0.85,120001,35,0.85,120018,0.0017238960304575368
34,0.85,120001,35,0.85,120019,0.0010203346449425175
34,0.85,120001,36,0.85,120000,0.002261458400372857
34,0.85,120001,36,0.85,120001,0.0016298868384978706
34,0.85,120001,36,0.85,120002,0.0013842269569815202
34,0.85,120001,36,0.85,120003,0.0016451826076519266
34,0.85,120001,36,0.85,120004,0.0028697438952787167
34,0.85,120001,36,0.85,120005,0.0015608283249801424
34,0.85,120001,36,0.85,120006,0.0008379714022700459
34,0.85,120001,36,0.85,120007,0.001380004353427964
34,0.85,120001,36,0.85,120008,0.0019603656532721017
34,0.85,120001,36,0.85,120009,0.0025013700230940494
34,0.85,120001,36,0.85,120010,0.0020506931885380573
34,0.85,120001,36,0.85,120011,0.0016257778606570041
34,0.85,120001,36,0.85,120012,0.0012593138355197473
34,0.85,120001,36,0.85,120013,0.0024097107360551316
34,0.85,120001,36,0.85,120014,0.0016130612494297393
34,0.85,120001,36,0.85,120015,0.0021626160062713264
34,0.85,120001,36,0.85,120016,0.0016750916880394087
34,0.85,120001,36,0.85,120017,0.0022715851299574923
34,0.85,120001,36,0.85,120018,0.0015036156336462702
34,0.85,120001,36,0.85,120019,0.002447590882426619
34,0.85,120002,34,0.85,120003,0.0005805484673060113
34,0.85,120002,34,0.85,120004,0.0008675585987687116
34,0.85,120002,34,0.85,120005,0.0009349072061165324
34,0.85,120002,34,0.85,120006,0.0008573565840151309
34,0.85,120002,34,0.85,120007,0.0011713665038773577
34,0.85,120002,34,0.85,120008,0.0017531596492400784
34,0.85,120002,34,0.85,120009,0.0007086670832585397
34,0.85,120002,34,0.85,120010,0.001166746641770613
34,0.85,120002,34,0.85,120011,0.0015315609083561602
34,0.85,120002,34,0.85,120012,0.0019987167919062205
34,0.85,120002,34,0.85,120013,0.0015842815020473233
34,0.85,120002,34,0.85,120014,0.001083645659225267
34,0.85,120002,34,0.85,120015,0.0008854944578090702
34,0.85,120002,34,0.85,120016,0.001093631091182118
34,0.85,120002,34,0.85,120017,0.000561982705257135
34,0.85,120002,34,0.85,120018,0.001464303765981223
34,0.85,120002,34,0.85,120019,0.0023460985657136396
34,0.85,120002,35,0.85,120000,0.000626300339246924
34,0.85,120002,35,0.85,120001,0.0019178995541296183
34,0.85,120002,35,0.85,120002,0.0008666435397159154
34,0.85,120002,35,0.85,120003,0.00040618187899426424
34,0.85,120002,35,0.85,120004,0.0027102788060686207
34,0.85,120002,35,0.85,120005,0.001961265974150982
34,0.85,120002,35,0.85,120006,0.0007868024062704446
34,0.85,120002,35,0.85,120007,0.001178911068637943
34,0.85,120002,35,0.85,120008,0.0008557055471357811
34,0.85,120002,35,0.85,120009,0.0013673397958428584
34,0.85,120002,35,0.85,120010,0.0020174085782488395
34,0.85,120002,35,0.85,120011,0.001675047526917294
34,0.85,120002,35,0.85,120012,0.002001471000944498
34,0.85,120002,35,0.85,120013,0.0007611067613502032
34,0.85,120002,35,0.85,120014,0.0006398956271223349
34,0.85,120002,35,0.85,120015,0.0009275254483043106
34,0.85,120002,35,0.85,120016,0.001517159131885417
34,0.85,120002,35,0.85,120017,0.00119739974255673
34,0.85,120002,35,0.85,120018,0.0022551121102165426
34,0.85,120002,35,0.85,120019,0.0015524226056663286
34,0.85,120002,36,0.85,120000,0.0026043900262364586
34,0.85,120002,36,0.85,120001,0.0020808876566206606
34,0.85,120002,36,0.85,120002,0.001209093307541734
34,0.85,120002,36,0.85,120003,0.0021789457953845072
34,0.85,120002,36,0.85,120004,0.003389704025908426
34,0.85,120002,36,0.85,120005,0.0006870593631788859
34,0.85,120002,36,0.85,120006,0.0013102840247324117
34,0.85,120002,36,0.85,120007,0.001818458433399303
34,0.85,120002,36,0.85,120008,0.0021431222157701755
34,0.85,120002,36,0.85,120009,0.003044924098014727
34,0.85,120002,36,0.85,120010,0.0026253567648996364
34,0.85,120002,36,0.85,120011,0.0021315609016094982
34,0.85,120002,36,0.85,120012,0.0016591855887628487
34,0.85,120002,36,0.85,120013,0.0029661736194214455
34,0.85,120002,36,0.85,120014,0.0019777237103786997
34,0.85,120002,36,0.85,120015,0.0026803380093809487
34,0.85,120002,36,0.85,120016,0.002080006638813251
34,0.85,120002,36,0.85,120017,0.002710303157021315
34,0.85,120002,36,0.85,120018,0.002037603131582972
34,0.85,120002,36,0.85,120019,0.002946071395110456
34,0.85,120003,34,0.85,120004,0.00033883079080494955
34,0.85,120003,34,0.85,120005,0.000985948603974004
34,0.85,120003,34,0.85,120006,0.00040348588530985047
34,0.85,120003,34,0.85,120007,0.0006144055772381587
34,0.85,120003,34,0.85,120008,0.0013399514400456883
34,0.85,120003,34,0.85,120009,0.0003726698595250964
34,0.85,120003,34,0.85,120010,0.0007273730146064445
34,0.85,120003,34,0.85,120011,0.001000706233220894
34,0.85,120003,34,0.85,120012,0.0022184971629771047
34,0.85,120003,34,0.85,120013,0.0011391770363320696
34,0.85,120003,34,0.85,120014,0.001127394077673876
34,0.85,120003,34,0.85,120015,0.0003423055810044256
34,0.85,120003,34,0.85,120016,0.0011746999265887421
34,0.85,120003,34,0.85,120017,0.00022919416509877894
34,0.85,120003,34,0.85,120018,0.000985064817005214
34,0.85,120003,34,0.85,120019,0.0025205838050529747
34,0.85,120003,35,0.85,120000,0.00019972822724324468
34,0.85,120003,35,0.85,120001,0.0015660621168468779
34,0.85,120003,35,0.85,120002,0.0005791212170011544
34,0.85,120003,35,0.85,120003,0.0002135489114641914
34,0.85,120003,35,0.85,120004,0.0023840548620812528
34,0.85,120003,35,0.85,120005,0.0018307917119785105
34,0.85,120003,35,0.85,120006,0.00055500659430148
34,0.85,120003,35,0.85,120007,0.0009305466816407363
34,0.85,120003,35,0.85,120008,0.0007126255826738285
34,0.85,120003,35,0.85,120009,0.0009915647069669126
34,0.85,120003,35,0.85,120010,0.0016783112603451012
34,0.85,120003,35,0.85,120011,0.0013447532681554967
34,0.85,120003,35,0.85,120012,0.0016518252173758979
34,0.85,120003,35,0.85,120013,0.0005586282477089376
34,0.85,120003,35,0.85,120014,0.0005653226137113012
34,0.85,120003,35,0.85,120015,0.0006010704291856436
34,0.85,120003,35,0.85,120016,0.0013735131196930908
34,0.85,120003,35,0.85,120017,0.0008958998332378314
34,0.85,120003,35,0.85,120018,0.0019441174761790536
34,0.85,120003,35,0.85,120019,0.0012135643328280929
34,0.85,120003,36,0.85,120000,0.0024109110645704236
34,0.85,120003,36,0.85,120001,0.0018108624185687481
34,0.85,120003,36,0.85,120002,0.001266768321361454
34,0.85,120003,36,0.85,120003,0.0018664668378749218
34,0.85,120003,36,0.85,120004,0.003103084756912653
34,0.85,120003,36,0.85,120005,0.0011917124123026778
34,0.85,120003,36,0.85,120006,0.0009871216077071755
34,0.85,120003,36,0.85,120007,0.0015489241596040233
34,0.85,120003,36,0.85,120008,0.0020297463236326387
34,0.85,120003,36,0.85,120009,0.0027399546839401902
34,0.85,120003,36,0.85,120010,0.002296716980223084
34,0.85,120003,36,0.85,120011,0.0018325606970674166
34,0.85,120003,36,0.85,120012,0.001400871615649086
34,0.85,120003,36,0.85,120013,0.0026548689518561585
34,0.85,120003,36,0.85,120014,0.0017530673728475192
34,0.85,120003,36,0.85,120015,0.0023869563500242058
34,0.85,120003,36,0.85,120016,0.0018357006946723693
34,0.85,120003,36,0.85,120017,0.0024617378903618106
34,0.85,120003,36,0.85,120018,0.0017195374156232343
34,0.85,120003,36,0.85,120019,0.0026675504277547915
34,0.85,120004,34,0.85,120005,0.0012875647764882796
34,0.85,120004,34,0.85,120006,0.00017135236671790403
34,0.85,120004,34,0.85,120007,0.00034338709080299626
34,0.85,120004,34,0.85,120008,0.0010186890152854902
34,0.85,120004,34,0.85,120009,0.00029680367731995517
34,0.85,120004,34,0.85,120010,0.0004247694655605415
34,0.85,120004,34,0.85,120011,0.000679261048760798
34,0.85,120004,34,0.85,120012,0.002535094214287616
34,0.85,120004,34,0.85,120013,0.0008112434656762866
34,0.85,120004,34,0.85,120014,0.0014266994919729828
34,0.85,120004,34,0.85,120015,0.000305404724787912
34,0.85,120004,34,0.85,120016,0.0014814955075201238
34,0.85,120004,34,0.85,120017,0.0005399397435606625
34,0.85,120004,34,0.85,120018,0.0006527050352844961
34,0.85,120004,34,0.85,120019,0.0028262451919270934
34,0.85,120004,35,0.85,120000,0.00048091491826308605
34,0.85,120004,35,0.85,120001,0.001261502258001081
34,0.85,120004,35,0.85,120002,0.0004099894231816604
34,0.85,120004,35,0.85,120003,0.00048050285497194166
34,0.85,120004,35,0.85,120004,0.002076618954202027
34,0.85,120004,35,0.85,120005,0.0016157845649758672
34,0.85,120004,35,0.85,120006,0.00044946200207460104
34,0.85,120004,35,0.85,120007,0.0007105113379454035
34,0.85,120004,35,0.85,120008,0.0006082165763215483
34,0.85,120004,35,0.85,120009,0.0006974867722290047
34,0.85,120004,35,0.85,120010,0.0013740941055882664
34,0.85,120004,35,0.85,120011,0.0010547417922736107
34,0.85,120004,35,0.85,120012,0.0013434847418429348
34,0.85,120004,35,0.85,120013,0.0004674607402166276
34,0.85,120004,35,0.85,120014,0.0005877556148264104
34,0.85,120004,35,0.85,120015,0.0003939955706878138
34,0.85,120004,35,0.85,120016,0.0011743530550127675
34,0.85,120004,35,0.85,120017,0.0006505916544173255
34,0.85,120004,35,0.85,120018,0.0016462832689989554
34,0.85,120004,35,0.85,120019,0.0009212784276409431
34,0.85,120004,36,0.85,120000,0.0021541514225536054
34,0.85,120004,36,0.85,120001,0.0015316786807919851
34,0.85,120004,36,0.85,120002,0.0011908932508246904
34,0.85,120004,36,0.85,120003,0.001571352543885665
34,0.85,120004,36,0.85,120004,0.0028041642230294895
34,0.85,120004,36,0.85,120005,0.0014125201759072484
34,0.85,120004,36,0.85,120006,0.000723910685797928
34,0.85,120004,36,0.85,120007,0.0012784688092821372
34,0.85,120004,36,0.85,120008,0.0018173038724165868
34,0.85,120004,36,0.85,120009,0.0024366887780206898
34,0.85,120004,36,0.85,120010,0.0019889142624240227
34,0.85,120004,36,0.85,120011,0.0015410282121960197
34,0.85,120004,36,0.85,120012,0.0011404561721302527
34,0.85,120004,36,0.85,120013,0.002351107814821355
34,0.85,120004,36,0.85,120014,0.0014946022490018036
34,0.85,120004,36,0.85,120015,0.002090922333863462
34,0.85,120004,36,0.85,120016,0.0015664588557539397
34,0.85,120004,36,0.85,120017,0.0021810864092746025
34,0.85,120004,36,0.85,120018,0.001422507674786875
34,0.85,120004,36,0.85,120019,0.0023744009754844775
34,0.85,120005,34,0.85,120006,0.001381136402752477
34,0.85,120005,34,0.85,120007,0.0014415634469417122
34,0.85,120005,34,0.85,120008,0.002283734609969645
34,0.85,120005,34,0.85,120009,0.001341025949138045
34,0.85,120005,34,0.85,120010,0.0016625940783790833
34,0.85,120005,34,0.85,120011,0.001841615638902266
34,0.85,120005,34,0.85,120012,0.0012647649252987966
34,0.85,120005,34,0.85,120013,0.0020813266672938223
34,0.85,120005,34,0.85,120014,0.0002518982857616535
34,0.85,120005,34,0.85,120015,0.001105252832183585
34,0.85,120005,34,0.85,120016,0.0003652895805725527
34,0.85,120005,34,0.85,120017,0.0007698995077139227
34,0.85,120005,34,0.85,120018,0.0019045266854420303
34,0.85,120005,34,0.85,120019,0.0015800309890375453
34,0.85,120005,35,0.85,120000,0.000822227163303757
34,0.85,120005,35,0.85,120001,0.002518558728192984
34,0.85,120005,35,0.85,120002,0.0015322010837694106
34,0.85,120005,35,0.85,120003,0.000999978123956445
34,0.85,120005,35,0.85,120004,0.0033379077800653524
34,0.85,120005,35,0.85,120005,0.0027603417264612795
34,0.85,120005,35,0.85,120006,0.0015059679161895409
34,0.85,120005,35,0.85,120007,0.0018943495226892593
34,0.85,120005,35,0.85,120008,0.001611163085703575
34,0.85,120005,35,0.85,120009,0.0019258866069267245
34,0.85,120005,35,0.85,120010,0.0026397112481318066
34,0.85,120005,35,0.85,120011,0.0023141630032193308
34,0.85,120005,35,0.85,120012,0.002603900031134092
34,0.85,120005,35,0.85,120013,0.0014921920653154775
34,0.85,120005,35,0.85,120014,0.0014337543464185845
34,0.85,120005,35,0.85,120015,0.00157878403287534
34,0.85,120005,35,0.85,120016,0.0023119739470888897
34,0.85,120005,35,0.85,120017,0.001841333677679218
34,0.85,120005,35,0.85,120018,0.002897086499503171
34,0.85,120005,35,0.85,120019,0.0021793768217208843
34,0.85,120005,36,0.85,120000,0.0033541204780697604
34,0.85,120005,36,0.85,120001,0.002777668353037442
34,0.85,120005,36,0.85,120002,0.002095816034759023
34,0.85,120005,36,0.85,120003,0.0028370512554192536
34,0.85,120005,36,0.85,120004,0.004050130954910531
34,0.85,120005,36,0.85,120005,0.001479879840010416
34,0.85,120005,36,0.85,120006,0.001967855695033345
34,0.85,120005,36,0.85,120007,0.002516643545246656
34,0.85,120005,36,0.85,120008,0.0029580194578529726
34,0.85,120005,36,0.85,120009,0.003691271336211061
34,0.85,120005,36,0.85,120010,0.0032476532318857078
34,0.85,120005,36,0.85,120011,0.002793660343414713
34,0.85,120005,36,0.85,120012,0.00237141502015846
34,0.85,120005,36,0.85,120013,0.003610855835278582
34,0.85,120005,36,0.85,120014,0.002708576580862758
34,0.85,120005,36,0.85,120015,0.0033465020651365284
34,0.85,120005,36,0.85,120016,0.002796241187800862
34,0.85,120005,36,0.85,120017,0.0034226846569969807
34,0.85,120005,36,0.85,120018,0.0026748475221974608
34,0.85,120005,36,0.85,120019,0.003625474491380638
34,0.85,120006,34,0.85,120007,0.00041926749560039045
34,0.85,120006,34,0.85,120008,0.0009525413639512247
34,0.85,120006,34,0.85,120009,0.0001853235834105379
34,0.85,120006,34,0.85,120010,0.0003797740752661062
34,0.85,120006,34,0.85,120011,0.0007107318473856988
34,0.85,120006,34,0.85,120012,0.0026152921031271435
34,0.85,120006,34,0.85,120013,0.0007558232093004162
34,0.85,120006,34,0.85,120014,0.0015159317602076458
34,0.85,120006,34,0.85,120015,0.0004146106157422068
34,0.85,120006,34,0.85,120016,0.0015605454858279664
34,0.85,120006,34,0.85,120017,0.0006226260400799191
34,0.85,120006,34,0.85,120018,0.0006264264377466704
34,0.85,120006,34,0.85,120019,0.002911580000137957
34,0.85,120006,35,0.85,120000,0.0005699861118589076
34,0.85,120006,35,0.85,120001,0.0011768436943167622
34,0.85,120006,35,0.85,120002,0.000292326851666073
34,0.85,120006,35,0.85,120003,0.0004866909857798923
34,0.85,120006,35,0.85,120004,0.001993115175727091
34,0.85,120006,35,0.85,120005,0.0014933957371577695
34,0.85,120006,35,0.85,120006,0.0003115874764282525
34,0.85,120006,35,0.85,120007,0.0005795897387369898
34,0.85,120006,35,0.85,120008,0.0005018254781225475
34,0.85,120006,35,0.85,120009,0.0006344449365019569
34,0.85,120006,35,0.85,120010,0.0012880519931779155
34,0.85,120006,35,0.85,120011,0.0009517118292484743
34,0.85,120006,35,0.85,120012,0.0012675002806382522
34,0.85,120006,35,0.85,120013,0.00035849429402953406
34,0.85,120006,35,0.85,120014,0.0004788233343763697
34,0.85,120006,35,0.85,120015,0.00025802084457282284
34,0.85,120006,35,0.85,120016,0.0010423992489013297
34,0.85,120006,35,0.85,120017,0.0005527847457713627
34,0.85,120006,35,0.85,120018,0.0015607387632009173
34,0.85,120006,35,0.85,120019,0.0008267847516919817
34,0.85,120006,36,0.85,120000,0.002044435962923393
34,0.85,120006,36,0.85,120001,0.001426046605108473
34,0.85,120006,36,0.85,120002,0.001064445076046891
34,0.85,120006,36,0.85,120003,0.0014705767285120427
34,0.85,120006,36,0.85,120004,0.002717447974727071
34,0.85,120006,36,0.85,120005,0.001346189835598476
34,0.85,120006,36,0.85,120006,0.0005954171183655915
34,0.85,120006,36,0.85,120007,0.0011643311570141777
34,0.85,120006,36,0.85,120008,0.0016916701106774804
34,0.85,120006,36,0.85,120009,0.002351692597852556
34,0.85,120006,36,0.85,120010,0.0019081815652882425
34,0.85,120006,36,0.85,120011,0.0014464367385961768
34,0.85,120006,36,0.85,120012,0.001022794366642857
34,0.85,120006,36,0.85,120013,0.002263060859930311
34,0.85,120006,36,0.85,120014,0.001384244930863253
34,0.85,120006,36,0.85,120015,0.0019970008097995374
34,0.85,120006,36,0.85,120016,0.0014583072595788038
34,0.85,120006,36,0.85,120017,0.0020777337614557054
34,0.85,120006,36,0.85,120018,0.0013348858235245973
34,0.85,120006,36,0.85,120019,0.0022786698591594295
34,0.85,120007,34,0.85,120008,0.000899805676592005
34,0.85,120007,34,0.85,120009,0.0005973471766316691
34,0.85,120007,34,0.85,120010,0.0004103298694465757
34,0.85,120007,34,0.85,120011,0.00042322844185287937
34,0.85,120007,34,0.85,120012,0.0026916203515065665
34,0.85,120007,34,0.85,120013,0.0006881400104682833
34,0.85,120007,34,0.85,120014,0.001567442637767703
34,0.85,120007,34,0.85,120015,0.00035513627105172944
34,0.85,120007,34,0.85,120016,0.001634855225492261
34,0.85,120007,34,0.85,120017,0.0007632379786606087
34,0.85,120007,34,0.85,120018,0.0005001981227585247
34,0.85,120007,34,0.85,120019,0.0029619365471402525
34,0.85,120007,35,0.85,120000,0.0006861266837493571
34,0.85,120007,35,0.85,120001,0.0011794069110411122
34,0.85,120007,35,0.85,120002,0.0006332764127410135
34,0.85,120007,35,0.85,120003,0.0007872815205820177
34,0.85,120007,35,0.85,120004,0.0019786916564291483
34,0.85,120007,35,0.85,120005,0.0016899908774032771
34,0.85,120007,35,0.85,120006,0.0007147483253870787
34,0.85,120007,35,0.85,120007,0.0008402563955826118
34,0.85,120007,35,0.85,120008,0.0008455236101659659
34,0.85,120007,35,0.85,120009,0.0006745841406538137
34,0.85,120007,35,0.85,120010,0.0013058355291937153
34,0.85,120007,35,0.85,120011,0.0010254265976577292
34,0.85,120007,35,0.85,120012,0.0012690748610936064
34,0.85,120007,35,0.85,120013,0.0007497479744440739
34,0.85,120007,35,0.85,120014,0.0008958383992924352
34,0.85,120007,35,0.85,120015,0.0006097376159637028
34,0.85,120007,35,0.85,120016,0.0012874036093754612
34,0.85,120007,35,0.85,120017,0.0007303463463107356
34,0.85,120007,35,0.85,120018,0.0015810853091904346
34,0.85,120007,35,0.85,120019,0.000908553849393091
34,0.85,120007,36,0.85,120000,0.0021492449221986866
34,0.85,120007,36,0.85,120001,0.0015124420126472076
34,0.85,120007,36,0.85,120002,0.0014212677699176636
34,0.85,120007,36,0.85,120003,0.0015126201105881605
34,0.85,120007,36,0.85,120004,0.0027136439775657375
34,0.85,120007,36,0.85,120005,0.0017352844479262318
34,0.85,120007,36,0.85,120006,0.0007817894789611566
34,0.85,120007,36,0.85,120007,0.0012777719009527764
34,0.85,120007,36,0.85,120008,0.0018910266727004623
34,0.85,120007,36,0.85,120009,0.0023441441582908585
34,0.85,120007,36,0.85,120010,0.0018924535903365517
34,0.85,120007,36,0.85,120011,0.001493965944784894
34,0.85,120007,36,0.85,120012,0.0011732414666841774
34,0.85,120007,36,0.85,120013,0.002254851729488242
34,0.85,120007,36,0.85,120014,0.0015125209056273113
34,0.85,120007,36,0.85,120015,0.0020178327982531183
34,0.85,120007,36,0.85,120016,0.0015638981891842169
34,0.85,120007,36,0.85,120017,0.002141100208924626
34,0.85,120007,36,0.85,120018,0.001365249752840146
34,0.85,120007,36,0.85,120019,0.002302687604584341
34,0.85,120008,34,0.85,120009,0.0010657794484072527
34,0.85,120008,34,0.85,120010,0.000631971128543518
34,0.85,120008,34,0.85,120011,0.0006015241633036871
34,0.85,120008,34,0.85,120012,0.003539760357350515
34,0.85,120008,34,0.85,120013,0.00022683724992474553
34,0.85,120008,34,0.85,120014,0.002427493637873112
34,0.85,120008,34,0.85,120015,0.0011959923779370934
34,0.85,120008,34,0.85,120016,0.002485142159588581
34,0.85,120008,34,0.85,120017,0.0015507181882718345
34,0.85,120008,34,0.85,120018,0.0004096774246699966
34,0.85,120008,34,0.85,120019,0.003830763560624575
34,0.85,120008,35,0.85,120000,0.0014899393028609171
34,0.85,120008,35,0.85,120001,0.00030459546268759425
34,0.85,120008,35,0.85,120002,0.0008933210752860414
34,0.85,120008,35,0.85,120003,0.0014227271733329692
34,0.85,120008,35,0.85,120004,0.00108060890481307
34,0.85,120008,35,0.85,120005,0.0010254323967534495
34,0.85,120008,35,0.85,120006,0.0009959125936425364
34,0.85,120008,35,0.85,120007,0.0006790725885489025
34,0.85,120008,35,0.85,120008,0.0009878215524884435
34,0.85,120008,35,0.85,120009,0.0004335407043219487
34,0.85,120008,35,0.85,120010,0.0004238689112025769
34,0.85,120008,35,0.85,120011,0.0003009481398712173
34,0.85,120008,35,0.85,120012,0.00039437225579092835
34,0.85,120008,35,0.85,120013,0.0010269909597203856
34,0.85,120008,35,0.85,120014,0.0012283917885035213
34,0.85,120008,35,0.85,120015,0.0008485789155366995
34,0.85,120008,35,0.85,120016,0.0008172561965779773
34,0.85,120008,35,0.85,120017,0.0006093360339098273
34,0.85,120008,35,0.85,120018,0.0006996293311389975
34,0.85,120008,35,0.85,120019,0.00030719201447660733
34,0.85,120008,36,0.85,120000,0.001313175883400899
34,0.85,120008,36,0.85,120001,0.0006770267719369625
34,0.85,120008,36,0.85,120002,0.001255332013689599
34,0.85,120008,36,0.85,120003,0.0006360850462772766
34,0.85,120008,36,0.85,120004,0.0018193340546551048
34,0.85,120008,36,0.85,120005,0.002118230537886513
34,0.85,120008,36,0.85,120006,0.0005330606513817912
34,0.85,120008,36,0.85,120007,0.0005241457076204186
34,0.85,120008,36,0.85,120008,0.0011967136643634129
34,0.85,120008,36,0.85,120009,0.0014474986817846552
34,0.85,120008,36,0.85,120010,0.0009960956893553259
34,0.85,120008,36,0.85,120011,0.0006256247232725639
34,0.85,120008,36,0.85,120012,0.0005267303521026217
34,0.85,120008,36,0.85,120013,0.0013567354299771034
34,0.85,120008,36,0.85,120014,0.0007475654626310922
34,0.85,120008,36,0.85,120015,0.0011219984936369338
34,0.85,120008,36,0.85,120016,0.0007530664360670183
34,0.85,120008,36,0.85,120017,0.001260733571490663
34,0.85,120008,36,0.85,120018,0.0004994702321656037
34,0.85,120008,36,0.85,120019,0.001406491001282152
34,0.85,120009,34,0.85,120010,0.0005075873420368322
34,0.85,120009,34,0.85,120011,0.0008836271623862854
34,0.85,120009,34,0.85,120012,0.002553227372308195
34,0.85,120009,34,0.85,120013,0.0008857706557379083
34,0.85,120009,34,0.85,120014,0.001481129037794796
34,0.85,120009,34,0.85,120015,0.0005140254286397488
34,0.85,120009,34,0.85,120016,0.0015170922123498188
34,0.85,120009,34,0.85,120017,0.0005929637467782261
34,0.85,120009,34,0.85,120018,0.0007771176465401074
34,0.85,120009,34,0.85,120019,0.0028620088704117952
34,0.85,120009,35,0.85,120000,0.0005622188233083779
34,0.85,120009,35,0.85,120001,0.0012598387063614594
34,0.85,120009,35,0.85,120002,0.0002510582199056516
34,0.85,120009,35,0.85,120003,0.0003739682990984031
34,0.85,120009,35,0.85,120004,0.0020678480215348943
34,0.85,120009,35,0.85,120005,0.0014748019008690761
34,0.85,120009,35,0.85,120006,0.0001925102354293114
34,0.85,120009,35,0.85,120007,0.0005727405701166792
34,0.85,120009,35,0.85,120008,0.00040446263183268043
34,0.85,120009,35,0.85,120009,0.0007221405114611505
34,0.85,120009,35,0.85,120010,0.0013630677777518145
34,0.85,120009,35,0.85,120011,0.0010182487429076781
34,0.85,120009,35,0.85,120012,0.0013470355777043936
34,0.85,120009,35,0.85,120013,0.00023016541305729505
34,0.85,120009,35,0.85,120014,0.0003088261750350919
34,0.85,120009,35,0.85,120015,0.00024954137387573825
34,0.85,120009,35,0.85,120016,0.0010119406609344684
34,0.85,120009,35,0.85,120017,0.0005860373270716638
34,0.85,120009,35,0.85,120018,0.0016254552829818455
34,0.85,120009,35,0.85,120019,0.0008939698265296797
34,0.85,120009,36,0.85,120000,0.002063301920956287
34,0.85,120009,36,0.85,120001,0.0014685581132195856
34,0.85,120009,36,0.85,120002,0.0009472239349400581
34,0.85,120009,36,0.85,120003,0.0015343198022185964
34,0.85,120009,36,0.85,120004,0.0027793794800549413
34,0.85,120009,36,0.85,120005,0.001166102239006544
34,0.85,120009,36,0.85,120006,0.0006428294554455695
34,0.85,120009,36,0.85,120007,0.0012028623368290083
34,0.85,120009,36,0.85,120008,0.0016696782190976603
34,0.85,120009,36,0.85,120009,0.0024189332553925455
34,0.85,120009,36,0.85,120010,0.00198350828527777
34,0.85,120009,36,0.85,120011,0.0015039210177597538
34,0.85,120009,36,0.85,120012,0.0010496453002353178
34,0.85,120009,36,0.85,120013,0.0023329271042232653
34,0.85,120009,36,0.85,120014,0.0014050073630602147
34,0.85,120009,36,0.85,120015,0.0020574399345661878
34,0.85,120009,36,0.85,120016,0.0014895003234893648
34,0.85,120009,36,0.85,120017,0.0021186582752944654
34,0.85,120009,36,0.85,120018,0.0014008556674483142
34,0.85,120009,36,0.85,120019,0.002334434876233203
34,0.85,120010,34,0.85,120011,0.0004572250360463678
34,0.85,120010,34,0.85,120012,0.002919239529472272
34,0.85,120010,34,0.85,120013,0.0004551203797227669
34,0.85,120010,34,0.85,120014,0.0018167926669821713
34,0.85,120010,34,0.85,120015,0.0006034585637473095
34,0.85,120010,34,0.85,120016,0.0018768474341944068
34,0.85,120010,34,0.85,120017,0.0009350175146711505
34,0.85,120010,34,0.85,120018,0.00032065609562761536
34,0.85,120010,34,0.85,120019,0.003221076576914395
34,0.85,120010,35,0.85,120000,0.0008808721588900347
34,0.85,120010,35,0.85,120001,0.0008633802530498585
34,0.85,120010,35,0.85,120002,0.00038003944259612916
34,0.85,120010,35,0.85,120003,0.000827870490237532
34,0.85,120010,35,0.85,120004,0.001680285198112344
34,0.85,120010,35,0.85,120005,0.0012958844486824865
34,0.85,120010,35,0.85,120006,0.0005099176034927071
34,0.85,120010,35,0.85,120007,0.0004792068050148084
34,0.85,120010,35,0.85,120008,0.0005550182524850591
34,0.85,120010,35,0.85,120009,0.00030013731005404685
34,0.85,120010,35,0.85,120010,0.0009849781278672865
34,0.85,120010,35,0.85,120011,0.0006807382236852727
34,0.85,120010,35,0.85,120012,0.0009502810502412634
34,0.85,120010,35,0.85,120013,0.0005329560967736299
34,0.85,120010,35,0.85,120014,0.0007543417288576947
34,0.85,120010,35,0.85,120015,0.0003781757035459479
34,0.85,120010,35,0.85,120016,0.0009007437014278187
34,0.85,120010,35,0.85,120017,0.00032929014742614463
34,0.85,120010,35,0.85,120018,0.0012493201764129421
34,0.85,120010,35,0.85,120019,0.0005505839690919524
34,0.85,120010,36,0.85,120000,0.0017788952920082268
34,0.85,120010,36,0.85,120001,0.001159699281301707
34,0.85,120010,36,0.85,120002,0.001079373767286439
34,0.85,120010,36,0.85,120003,0.0011940521273052004
34,0.85,120010,36,0.85,120004,0.0024030018243956226
34,0.85,120010,36,0.85,120005,0.0016388898791430567
34,0.85,120010,36,0.85,120006,0.00045499041299585025
34,0.85,120010,36,0.85,120007,0.000917155425605008
34,0.85,120010,36,0.85,120008,0.0015021395129328563
34,0.85,120010,36,0.85,120009,0.0020389340918772953
34,0.85,120010,36,0.85,120010,0.0015913598500388365
34,0.85,120010,36,0.85,120011,0.0011524053620209683
34,0.85,120010,36,0.85,120012,0.0008038406791247733
34,0.85,120010,36,0.85,120013,0.0019538514742203864
34,0.85,120010,36,0.85,120014,0.001135796305455134
34,0.85,120010,36,0.85,120015,0.001698034980303018
34,0.85,120010,36,0.85,120016,0.0011999445472306055
34,0.85,120010,36,0.85,120017,0.0017988905581111864
34,0.85,120010,36,0.85,120018,0.0010289609753108722
34,0.85,120010,36,0.85,120019,0.001981210564887222
34,0.85,120011,34,0.85,120012,0.003095419000126472
34,0.85,120011,34,0.85,120013,0.0004231760323179459
34,0.85,120011,34,0.85,120014,0.001974389978643614
34,0.85,120011,34,0.85,120015,0.0007656790056509689
34,0.85,120011,34,0.85,120016,0.002046996718304682
34,0.85,120011,34,0.85,120017,0.0011665957103613141
34,0.85,120011,34,0.85,120018,0.0002574351385037027
34,0.85,120011,34,0.85,120019,0.0033626018385248917
34,0.85,120011,35,0.85,120000,0.0010944537989540579
34,0.85,120011,35,0.85,120001,0.0008966273370232863
34,0.85,120011,35,0.85,120002,0.000813855017730081
34,0.85,120011,35,0.85,120003,0.0011537732199872034
34,0.85,120011,35,0.85,120004,0.0016397962322200672
34,0.85,120011,35,0.85,120005,0.0015414536497842307
34,0.85,120011,35,0.85,120006,0.0009272029591990571
34,0.85,120011,35,0.85,120007,0.0008565216646528254
34,0.85,120011,35,0.85,120008,0.0009964664752127963
34,0.85,120011,35,0.85,120009,0.000545840106009063
34,0.85,120011,35,0.85,120010,0.0010151368506654832
34,0.85,120011,35,0.85,120011,0.0008217374021246311
34,0.85,120011,35,0.85,120012,0.000964748575869764
34,0.85,120011,35,0.85,120013,0.0009547164368164281
34,0.85,120011,35,0.85,120014,0.0011506741846129998
34,0.85,120011,35,0.85,120015,0.0007757532086201643
34,0.85,120011,35,0.85,120016,0.0012198546373264193
34,0.85,120011,35,0.85,120017,0.0007198767719881486
34,0.85,120011,35,0.85,120018,0.0012770444994319875
34,0.85,120011,35,0.85,120019,0.0007263285377547735
34,0.85,120011,36,0.85,120000,0.0018976037821347013
34,0.85,120011,36,0.85,120001,0.001266126456481053
34,0.85,120011,36,0.85,120002,0.0014914094336720455
34,0.85,120011,36,0.85,120003,0.0012349899175651104
34,0.85,120011,36,0.85,120004,0.002370981455786374
34,0.85,120011,36,0.85,120005,0.0020476803423464716
34,0.85,120011,36,0.85,120006,0.0007445462402800378
34,0.85,120011,36,0.85,120007,0.0010794734624832683
34,0.85,120011,36,0.85,120008,0.001733692778242813
34,0.85,120011,36,0.85,120009,0.0020024084186983896
34,0.85,120011,36,0.85,120010,0.0015535575213916498
34,0.85,120011,36,0.85,120011,0.0012160020646621377
34,0.85,120011,36,0.85,120012,0.0010172738052623565
34,0.85,120011,36,0.85,120013,0.0019167617356249213
34,0.85,120011,36,0.85,120014,0.0013044557151008808
34,0.85,120011,36,0.85,120015,0.0017029849522348537
34,0.85,120011,36,0.85,120016,0.0013315929262464827
34,0.85,120011,36,0.85,120017,0.001852473463119316
34,0.85,120011,36,0.85,120018,0.0010819656952885974
34,0.85,120011,36,0.85,120019,0.0019842009161932014
34,0.85,120012,34,0.85,120013,0.0033354359509045737
34,0.85,120012,34,0.85,120014,0.001129739291913561
34,0.85,120012,34,0.85,120015,0.002358846067082151
34,0.85,120012,34,0.85,120016,0.0010880987209940123
34,0.85,120012,34,0.85,120017,0.0020023105090434304
34,0.85,120012,34,0.85,120018,0.003162038688239118
34,0.85,120012,34,0.85,120019,0.00042821247713324185
34,0.85,120012,35,0.85,120000,0.0020587103150547883
34,0.85,120012,35,0.85,120001,0.0037700158321531817
34,0.85,120012,35,0.85,120002,0.002754605321346029
34,0.85,120012,35,0.85,120003,0.0021895658807892333
34,0.85,120012,35,0.85,120004,0.004590540433906874
34,0.85,120012,35,0.85,120005,0.003945005240590015
34,0.85,120012,35,0.85,120006,0.002703326073439589
34,0.85,120012,35,0.85,120007,0.0031083547462387937
34,0.85,120012,35,0.85,120008,0.0028050736700533387
34,0.85,120012,35,0.85,120009,0.0031807706221677052
34,0.85,120012,35,0.85,120010,0.0038894527562817346
34,0.85,120012,35,0.85,120011,0.0035546676924526144
34,0.85,120012,35,0.85,120012,0.003857991631816547
34,0.85,120012,35,0.85,120013,0.0026896279979335665
34,0.85,120012,35,0.85,120014,0.0025768950805672777
34,0.85,120012,35,0.85,120015,0.0027979048019611576
34,0.85,120012,35,0.85,120016,0.00349768982892963
34,0.85,120012,35,0.85,120017,0.003078840904649664
34,0.85,120012,35,0.85,120018,0.004146242228373941
34,0.85,120012,35,0.85,120019,0.003423374862679364
34,0.85,120012,36,0.85,120000,0.004567646197951675
34,0.85,120012,36,0.85,120001,0.004009887006555212
34,0.85,120012,36,0.85,120002,0.003197138245224604
34,0.85,120012,36,0.85,120003,0.0040766017166977845
34,0.85,120012,36,0.85,120004,0.00529849549043123
34,0.85,120012,36,0.85,120005,0.002253598726353827
34,0.85,120012,36,0.85,120006,0.003190882380126001
34,0.85,120012,36,0.85,120007,0.0037445161965639143
34,0.85,120012,36,0.85,120008,0.004131625435399348
34,0.85,120012,36,0.85,120009,0.0049419444060087815
34,0.85,120012,36,0.85,120010,0.004501438953344749
34,0.85,120012,36,0.85,120011,0.0040369021630077585
34,0.85,120012,36,0.85,120012,0.0035933107820649056
34,0.85,120012,36,0.85,120013,0.004860792463924684
34,0.85,120012,36,0.85,120014,0.003929076325043877
34,0.85,120012,36,0.85,120015,0.004590763942736925
34,0.85,120012,36,0.85,120016,0.004022323518400675
34,0.85,120012,36,0.85,120017,0.004653631458263933
34,0.85,120012,36,0.85,120018,0.003923086448263367
34,0.85,120012,36,0.85,120019,0.004867109060802676
34,0.85,120013,34,0.85,120014,0.002218391517780148
34,0.85,120013,34,0.85,120015,0.0009922561986212136
34,0.85,120013,34,0.85,120016,0.0022751822376041357
34,0.85,120013,34,0.85,120017,0.0013459373498938122
34,0.85,120013,34,0.85,120018,0.00020223837268113222
34,0.85,120013,34,0.85,120019,0.0036193274386937106
34,0.85,120013,35,0.85,120000,0.0012823228930660042
34,0.85,120013,35,0.85,120001,0.0005189394415609821
34,0.85,120013,35,0.85,120002,0.0007439125959923944
34,0.85,120013,35,0.85,120003,0.0012344787161289936
34,0.85,120013,35,0.85,120004,0.0013009684868068663
34,0.85,120013,35,0.85,120005,0.0011571188629849788
34,0.85,120013,35,0.85,120006,0.0008426181170284098
34,0.85,120013,35,0.85,120007,0.0006009525091363252
34,0.85,120013,35,0.85,120008,0.0008758404582234386
34,0.85,120013,35,0.85,120009,0.0003498355018501509
34,0.85,120013,35,0.85,120010,0.0006322531335994515
34,0.85,120013,35,0.85,120011,0.00041210532861342045
34,0.85,120013,35,0.85,120012,0.0006025424482944819
34,0.85,120013,35,0.85,120013,0.000878601501284728
34,0.85,120013,35,0.85,120014,0.0010740987819986862
34,0.85,120013,35,0.85,120015,0.0006843817149627403
34,0.85,120013,35,0.85,120016,0.0008646417386194141
34,0.85,120013,35,0.85,120017,0.00052413868668043
34,0.85,120013,35,0.85,120018,0.000915286983561803
34,0.85,120013,35,0.85,120019,0.0003455715358150348
34,0.85,120013,36,0.85,120000,0.0015136424738998375
34,0.85,120013,36,0.85,120001,0.000863321894631445
34,0.85,120013,36,0.85,120002,0.0012308899947666816
34,0.85,120013,36,0.85,120003,0.0008371951854543552
34,0.85,120013,36,0.85,120004,0.002041678929569628
34,0.85,120013,36,0.85,120005,0.001983826820474207
34,0.85,120013,36,0.85,120006,0.00043992947919576584
34,0.85,120013,36,0.85,120007,0.0006700843594492795
34,0.85,120013,36,0.85,120008,0.0013393817990785763
34,0.85,120013,36,0.85,120009,0.0016684181983833554
34,0.85,120013,36,0.85,120010,0.0012170577775914774
34,0.85,120013,36,0.85,120011,0.0008311316032811174
34,0.85,120013,36,0.85,120012,0.0006176566667662683
34,0.85,120013,36,0.85,120013,0.0015770420595280432
34,0.85,120013,36,0.85,120014,0.0009096539976761217
34,0.85,120013,36,0.85,120015,0.0013405820088214738
34,0.85,120013,36,0.85,120016,0.0009326570512597757
34,0.85,120013,36,0.85,120017,0.0014716277510671031
34,0.85,120013,36,0.85,120018,0.0007071667898554942
34,0.85,120013,36,0.85,120019,0.0016255111721990357
34,0.85,120014,34,0.85,120015,0.0012418617962398789
34,0.85,120014,34,0.85,120016,0.00014701656275473282
34,0.85,120014,34,0.85,120017,0.0009053503651565341
34,0.85,120014,34,0.85,120018,0.0020429265477772754
34,0.85,120014,34,0.85,120019,0.0014054528808677901
34,0.85,120014,35,0.85,120000,0.0009499487566132661
34,0.85,120014,35,0.85,120001,0.0026711408676000337
34,0.85,120014,35,0.85,120002,0.0016905234170574795
34,0.85,120014,35,0.85,120003,0.0011419604322081892
34,0.85,120014,35,0.85,120004,0.0034923728809351682
34,0.85,120014,35,0.85,120005,0.0029286417331178807
34,0.85,120014,35,0.85,120006,0.0016507790710408522
34,0.85,120014,35,0.85,120007,0.002047207428028425
34,0.85,120014,35,0.85,120008,0.0017819297604149316
34,0.85,120014,35,0.85,120009,0.0020898757194347047
34,0.85,120014,35,0.85,120010,0.002792106229041323
34,0.85,120014,35,0.85,120011,0.00246195606110532
34,0.85,120014,35,0.85,120012,0.002761157248304378
34,0.85,120014,35,0.85,120013,0.0016477570770746502
34,0.85,120014,35,0.85,120014,0.0015639265676434453
34,0.85,120014,35,0.85,120015,0.0017220696342614744
34,0.85,120014,35,0.85,120016,0.00247175664742364
34,0.85,120014,35,0.85,120017,0.0020079465994910614
34,0.85,120014,35,0.85,120018,0.003058383051992462
34,0.85,120014,35,0.85,120019,0.002332542778949972
34,0.85,120014,36,0.85,120000,0.003523625758511955
34,0.85,120014,36,0.85,120001,0.002933265169776663
34,0.85,120014,36,0.85,120002,0.0022594146936143174
34,0.85,120014,36,0.85,120003,0.0029829236999882785
34,0.85,120014,36,0.85,120004,0.004213676198700008
34,0.85,120014,36,0.85,120005,0.0015747422077465475
34,0.85,120014,36,0.85,120006,0.0021044561794208994
34,0.85,120014,36,0.85,120007,0.0026690774775618015
34,0.85,120014,36,0.85,120008,0.003123609636227828
34,0.85,120014,36,0.85,120009,0.0038506706690962125
34,0.85,120014,36,0.85,120010,0.0034044302599888303
34,0.85,120014,36,0.85,120011,0.002951416816870759
34,0.85,120014,36,0.85,120012,0.0025233106421252336
34,0.85,120014,36,0.85,120013,0.003765149403483474
34,0.85,120014,36,0.85,120014,0.002871953331300162
34,0.85,120014,36,0.85,120015,0.00350262196844105
34,0.85,120014,36,0.85,120016,0.0029563493187103602
34,0.85,120014,36,0.85,120017,0.003582216032482963
34,0.85,120014,36,0.85,120018,0.0028337714845042333
34,0.85,120014,36,0.85,120019,0.003783739219756825
34,0.85,120015,34,0.85,120016,0.0013100484972458411
34,0.85,120015,34,0.85,120017,0.00044190923316682443
34,0.85,120015,34,0.85,120018,0.0008124636324690106
34,0.85,120015,34,0.85,120019,0.002644382286594042
34,0.85,120015,35,0.85,120000,0.0003695097405904305
34,0.85,120015,35,0.85,120001,0.0014497512682773034
34,0.85,120015,35,0.85,120002,0.0006393111806806757
34,0.85,120015,35,0.85,120003,0.000534486100699568
34,0.85,120015,35,0.85,120004,0.002266715896208818
34,0.85,120015,35,0.85,120005,0.0018480934578155913
34,0.85,120015,35,0.85,120006,0.0006859817783833466
34,0.85,120015,35,0.85,120007,0.0009566627498863112
34,0.85,120015,35,0.85,120008,0.0008245352276681485
34,0.85,120015,35,0.85,120009,0.0008869272886950393
34,0.85,120015,35,0.85,120010,0.001577529574557346
34,0.85,120015,35,0.85,120011,0.0012668592705582938
34,0.85,120015,35,0.85,120012,0.0015440562875359348
34,0.85,120015,35,0.85,120013,0.0007079177192395701
34,0.85,120015,35,0.85,120014,0.0007985126837839934
34,0.85,120015,35,0.85,120015,0.0006616726074895307
34,0.85,120015,35,0.85,120016,0.0014146798602550613
34,0.85,120015,35,0.85,120017,0.0008631746613792436
34,0.85,120015,35,0.85,120018,0.001846555154336308
34,0.85,120015,35,0.85,120019,0.001141631242459879
34,0.85,120015,36,0.85,120000,0.002368099755664923
34,0.85,120015,36,0.85,120001,0.001752424666080926
34,0.85,120015,36,0.85,120002,0.0014240913936358012
34,0.85,120015,36,0.85,120003,0.0017799463586431147
34,0.85,120015,36,0.85,120004,0.0029932274490942273
34,0.85,120015,36,0.85,120005,0.0015082357793170962
34,0.85,120015,36,0.85,120006,0.0009646895549319695
34,0.85,120015,36,0.85,120007,0.0014993508978211104
34,0.85,120015,36,0.85,120008,0.0020530920484698565
34,0.85,120015,36,0.85,120009,0.002628357357841668
34,0.85,120015,36,0.85,120010,0.0021791004457931314
34,0.85,120015,36,0.85,120011,0.0017496555656777387
34,0.85,120015,36,0.85,120012,0.001375456437790933
34,0.85,120015,36,0.85,120013,0.0025408590636782384
34,0.85,120015,36,0.85,120014,0.0017212006228014814
34,0.85,120015,36,0.85,120015,0.0022899472899619525
34,0.85,120015,36,0.85,120016,0.0017897538883821296
34,0.85,120015,36,0.85,120017,0.002393429000441011
34,0.85,120015,36,0.85,120018,0.001624747394916812
34,0.85,120015,36,0.85,120019,0.002573850324428812
34,0.85,120016,34,0.85,120017,0.0009548241404261325
34,0.85,120016,34,0.85,120018,0.0021047417418921543
34,0.85,120016,34,0.85,120019,0.0013541449019989025
34,0.85,120016,35,0.85,120000,0.0010024686082909246
34,0.85,120016,35,0.85,120001,0.002726016707881343
34,0.85,120016,35,0.85,120002,0.001735020479888312
34,0.85,120016,35,0.85,120003,0.0011744716167174955
34,0.85,120016,35,0.85,120004,0.003547263662241982
34,0.85,120016,35,0.85,120005,0.0029654970814047468
34,0.85,120016,35,0.85,120006,0.0016823258708512426
34,0.85,120016,35,0.85,120007,0.0020861963789948813
34,0.85,120016,35,0.85,120008,0.0018228972483994193
34,0.85,120016,35,0.85,120009,0.002151531468579575
34,0.85,120016,35,0.85,120010,0.0028445982130746545
34,0.85,120016,35,0.85,120011,0.0025086323641762233
34,0.85,120016,35,0.85,120012,0.002818347183446423
34,0.85,120016,35,0.85,120013,0.0016831172460101964
34,0.85,120016,35,0.85,120014,0.0015774758512334638
34,0.85,120016,35,0.85,120015,0.0017608449948853635
34,0.85,120016,35,0.85,120016,0.0025048923055060153
34,0.85,120016,35,0.85,120017,0.0020602865315818013
34,0.85,120016,35,0.85,120018,0.0031132876555978674
34,0.85,120016,35,0.85,120019,0.002383347591006162
34,0.85,120016,36,0.85,120000,0.0035690273630680823
34,0.85,120016,36,0.85,120001,0.002978498628086
34,0.85,120016,36,0.85,120002,0.0022790951919852477
34,0.85,120016,36,0.85,120003,0.0030283883912547533
34,0.85,120016,36,0.85,120004,0.004269582418254909
34,0.85,120016,36,0.85,120005,0.0015359158688026603
34,0.85,120016,36,0.85,120006,0.0021416645807648643
34,0.85,120016,36,0.85,120007,0.0027119849955053476
34,0.85,120016,36,0.85,120008,0.0031573436576412396
34,0.85,120016,36,0.85,120009,0.003906202870066814
34,0.85,120016,36,0.85,120010,0.0034609242395475474
34,0.85,120016,36,0.85,120011,0.003001984912973373
34,0.85,120016,36,0.85,120012,0.0025636345798289257
34,0.85,120016,36,0.85,120013,0.0038179721934925143
34,0.85,120016,36,0.85,120014,0.0029165102489850376
34,0.85,120016,36,0.85,120015,0.0035531901971707406
34,0.85,120016,36,0.85,120016,0.003001607950691203
34,0.85,120016,36,0.85,120017,0.0036285266421906093
34,0.85,120016,36,0.85,120018,0.002888000174390083
34,0.85,120016,36,0.85,120019,0.0038341287224023953
34,0.85,120017,34,0.85,120018,0.0011814392748945351
34,0.85,120017,34,0.85,120019,0.002300134710933094
34,0.85,120017,35,0.85,120000,9.445137147886226e-05
34,0.85,120017,35,0.85,120001,0.0017839267884850758
34,0.85,120017,35,0.85,120002,0.0008008309543007213
34,0.85,120017,35,0.85,120003,0.00032442593608226485
34,0.85,120017,35,0.85,120004,0.002602819488761675
34,0.85,120017,35,0.85,120005,0.002051000644224454
34,0.85,120017,35,0.85,120006,0.000771273210796459
34,0.85,120017,35,0.85,120007,0.001155335999860263
34,0.85,120017,35,0.85,120008,0.0009211978359645042
34,0.85,120017,35,0.85,120009,0.0012049343593729409
34,0.85,120017,35,0.85,120010,0.0018981543039573363
34,0.85,120017,35,0.85,120011,0.001566489017381125
34,0.85,120017,35,0.85,120012,0.0018700838242216237
34,0.85,120017,35,0.85,120013,0.0007711157635153556
34,0.85,120017,35,0.85,120014,0.0007435480076161095
34,0.85,120017,35,0.85,120015,0.0008266632771160629
34,0.85,120017,35,0.85,120016,0.0015939909650423045
34,0.85,120017,35,0.85,120017,0.0011156328405310517
34,0.85,120017,35,0.85,120018,0.0021644243223317527
34,0.85,120017,35,0.85,120019,0.0014363475256518946
34,0.85,120017,36,0.85,120000,0.002634251739582922
34,0.85,120017,36,0.85,120001,0.002035646157696137
34,0.85,120017,36,0.85,120002,0.0014567829108281442
34,0.85,120017,36,0.85,120003,0.0020888339408158666
34,0.85,120017,36,0.85,120004,0.003323199389149535
34,0.85,120017,36,0.85,120005,0.0012091089289228564
34,0.85,120017,36,0.85,120006,0.001210746740573355
34,0.85,120017,36,0.85,120007,0.0017735911159497604
34,0.85,120017,36,0.85,120008,0.0022502460153086016
34,0.85,120017,36,0.85,120009,0.0029601801537118785
34,0.85,120017,36,0.85,120010,0.002515310165605594
34,0.85,120017,36,0.85,120011,0.00205476877257032
34,0.85,120017,36,0.85,120012,0.001626718671654131
34,0.85,120017,36,0.85,120013,0.0028744188661397477
34,0.85,120017,36,0.85,120014,0.001977746970589222
34,0.85,120017,36,0.85,120015,0.002608578657135396
34,0.85,120017,36,0.85,120016,0.0020607986551096956
34,0.85,120017,36,0.85,120017,0.0026861459454187507
34,0.85,120017,36,0.85,120018,0.0019400734491921117
34,0.85,120017,36,0.85,120019,0.002890129461722919
34,0.85,120018,34,0.85,120019,0.0034437437067094696
34,0.85,120018,35,0.85,120000,0.0011161681163825243
34,0.85,120018,35,0.85,120001,0.0006990900693954583
34,0.85,120018,35,0.85,120002,0.000662412106166804
34,0.85,120018,35,0.85,120003,0.0011027254616667226
34,0.85,120018,35,0.85,120004,0.0014849769968856958
34,0.85,120018,35,0.85,120005,0.0013010480812758736
34,0.85,120018,35,0.85,120006,0.0007719579387235808
34,0.85,120018,35,0.85,120007,0.000625755366141125
34,0.85,120018,35,0.85,120008,0.0008259383441637487
34,0.85,120018,35,0.85,120009,0.0003389461149089062
34,0.85,120018,35,0.85,120010,0.0008175396541866126
34,0.85,120018,35,0.85,120011,0.0005795967321934294
34,0.85,120018,35,0.85,120012,0.000778759988555593
34,0.85,120018,35,0.85,120013,0.0008044709465574128
34,0.85,120018,35,0.85,120014,0.0010067158032928158
34,0.85,120018,35,0.85,120015,0.0006135680586096264
34,0.85,120018,35,0.85,120016,0.0009704109446921978
34,0.85,120018,35,0.85,120017,0.0005089737325351792
34,0.85,120018,35,0.85,120018,0.0010934320327608842
34,0.85,120018,35,0.85,120019,0.0004813796909579351
34,0.85,120018,36,0.85,120000,0.0016893241971218111
34,0.85,120018,36,0.85,120001,0.0010463422449900305
34,0.85,120018,36,0.85,120002,0.001268154463232929
34,0.85,120018,36,0.85,120003,0.001031979811052473
34,0.85,120018,36,0.85,120004,0.002222282262853581
34,0.85,120018,36,0.85,120005,0.0019179829333582541
34,0.85,120018,36,0.85,120006,0.000498600415732227
34,0.85,120018,36,0.85,120007,0.0008407134118495952
34,0.85,120018,36,0.85,120008,0.0014938337456727787
34,0.85,120018,36,0.85,120009,0.0018512230118820354
34,0.85,120018,36,0.85,120010,0.0013988011909250038
34,0.85,120018,36,0.85,120011,0.001013123696108718
34,0.85,120018,36,0.85,120012,0.0007679865823672005
34,0.85,120018,36,0.85,120013,0.0017621499008603917
34,0.85,120018,36,0.85,120014,0.0010744433990038107
34,0.85,120018,36,0.85,120015,0.0015279002832872654
34,0.85,120018,36,0.85,120016,0.0011088311145251472
34,0.85,120018,36,0.85,120017,0.001659303788700215
34,0.85,120018,36,0.85,120018,0.0008840435787040642
34,0.85,120018,36,0.85,120019,0.0018130592706977822
34,0.85,120019,35,0.85,120000,0.002349431738640391
34,0.85,120019,35,0.85,120001,0.004074419687908221
34,0.85,120019,35,0.85,120002,0.003075204770441408
34,0.85,120019,35,0.85,120003,0.0025055752874167357
34,0.85,120019,35,0.85,120004,0.0048959654046342276
34,0.85,120019,35,0.85,120005,0.0042868146457961725
34,0.85,120019,35,0.85,120006,0.003020139154271195
34,0.85,120019,35,0.85,120007,0.0034274892765562993
34,0.85,120019,35,0.85,120008,0.00314253728518281
34,0.85,120019,35,0.85,120009,0.003492579721370824
34,0.85,120019,35,0.85,120010,0.004194048372739796
34,0.85,120019,35,0.85,120011,0.0038601599411637404
34,0.85,120019,35,0.85,120012,0.004164135392627662
34,0.85,120019,35,0.85,120013,0.003013309187799271
34,0.85,120019,35,0.85,120014,0.0028928155486550276
34,0.85,120019,35,0.85,120015,0.003105742663738684
34,0.85,120019,35,0.85,120016,0.0038312569959647923
34,0.85,120019,35,0.85,120017,0.0034015461432222714
34,0.85,120019,35,0.85,120018,0.004460019026432687
34,0.85,120019,35,0.85,120019,0.00373155087754157
34,0.85,120019,36,0.85,120000,0.004904378692150748
34,0.85,120019,36,0.85,120001,0.004326032917781516
34,0.85,120019,36,0.85,120002,0.003548679441047852
34,0.85,120019,36,0.85,120003,0.0043801504873181045
34,0.85,120019,36,0.85,120004,0.005615944371600945
34,0.85,120019,36,0.85,120005,0.0025966695366000667
34,0.85,120019,36,0.85,120006,0.0034920863487674317
34,0.85,120019,36,0.85,120007,0.0040599031756877475
34,0.85,120019,36,0.85,120008,0.004473927140999906
34,0.85,120019,36,0.85,120009,0.005253512362576409
34,0.85,120019,36,0.85,120010,0.004808178334042537
34,0.85,120019,36,0.85,120011,0.0043505908171007765
34,0.85,120019,36,0.85,120012,0.003909180540208341
34,0.85,120019,36,0.85,120013,0.005168059475131109
34,0.85,120019,36,0.85,120014,0.004256444122089043
34,0.85,120019,36,0.85,120015,0.004902932575697345
34,0.85,120019,36,0.85,120016,0.004345019897629958
34,0.85,120019,36,0.85,120017,0.004974821798908605
34,0.85,120019,36,0.85,120018,0.004235297680427269
34,0.85,120019,36,0.85,120019,0.0051828622647962334
35,0.85,120000,35,0.85,120001,0.0017298634536794819
35,0.85,120000,35,0.85,120002,0.0007703401432254488
35,0.85,120000,35,0.85,120003,0.00033631751092837734
35,0.85,120000,35,0.85,120004,0.00254930418804277
35,0.85,120000,35,0.85,120005,0.0020242113973586895
35,0.85,120000,35,0.85,120006,0.0007482852956632828
35,0.85,120000,35,0.85,120007,0.0011204655763155681
35,0.85,120000,35,0.85,120008,0.0009075016045872621
35,0.85,120000,35,0.85,120009,0.0011556170370852967
35,0.85,120000,35,0.85,120010,0.0018461923557780418
35,0.85,120000,35,0.85,120011,0.0015167164106495335
35,0.85,120000,35,0.85,120012,0.0018176664735757688
35,0.85,120000,35,0.85,120013,0.0007553554634036921
35,0.85,120000,35,0.85,120014,0.0007406870053889358
35,0.85,120000,35,0.85,120015,0.0007884508053483514
35,0.85,120000,35,0.85,120016,0.0015676754047054256
35,0.85,120000,35,0.85,120017,0.001078386080515245
35,0.85,120000,35,0.85,120018,0.0021156349822582994
35,0.85,120000,35,0.85,120019,0.0013868893576917528
35,0.85,120000,36,0.85,120000,0.002597077319687839
35,0.85,120000,36,0.85,120001,0.001990633440775671
35,0.85,120000,36,0.85,120002,0.0014575309359947453
35,0.85,120000,36,0.85,120003,0.002037232731366685
35,0.85,120000,36,0.85,120004,0.0032734719541828135
35,0.85,120000,36,0.85,120005,0.001264395929001717
35,0.85,120000,36,0.85,120006,0.0011634686727326476
35,0.85,120000,36,0.85,120007,0.0017292731457537816
35,0.85,120000,36,0.85,120008,0.002223318182373997
35,0.85,120000,36,0.85,120009,0.002908439699933644
35,0.85,120000,36,0.85,120010,0.00246207967697816
35,0.85,120000,36,0.85,120011,0.002007121805805961
35,0.85,120000,36,0.85,120012,0.0015852830796947194
35,0.85,120000,36,0.85,120013,0.0028219712479772515
35,0.85,120000,36,0.85,120014,0.0019392204841079698
35,0.85,120000,36,0.85,120015,0.0025588176634457763
35,0.85,120000,36,0.85,120016,0.002018747535971862
35,0.85,120000,36,0.85,120017,0.002641287337098925
35,0.85,120000,36,0.85,120018,0.0018906133536276948
35,0.85,120000,36,0.85,120019,0.002841054043615246
35,0.85,120001,35,0.85,120002,0.0010570442666324798
35,0.85,120001,35,0.85,120003,0.0016226726399651596
35,0.85,120001,35,0.85,120004,0.0008228780649343594
35,0.85,120001,35,0.85,120005,0.0007966457836506315
35,0.85,120001,35,0.85,120006,0.0011540767464379598
35,0.85,120001,35,0.85,120007,0.0007699255932598206
35,0.85,120001,35,0.85,120008,0.0010972017923242753
35,0.85,120001,35,0.85,120009,0.0006071727781655434
35,0.85,120001,35,0.85,120010,0.00015643698821403087
35,0.85,120001,35,0.85,120011,0.00027852632166899523
35,0.85,120001,35,0.85,120012,0.00016737138572610715
35,0.85,120001,35,0.85,120013,0.0011777435237237685
35,0.85,120001,35,0.85,120014,0.0013752471632472994
35,0.85,120001,35,0.85,120015,0.0010279262670769497
35,0.85,120001,35,0.85,120016,0.0007224025368660392
35,0.85,120001,35,0.85,120017,0.0007329163399895461
35,0.85,120001,35,0.85,120018,0.00041545823757037245
35,0.85,120001,35,0.85,120019,0.00038143327051936513
35,0.85,120001,36,0.85,120000,0.0010138824895066837
35,0.85,120001,36,0.85,120001,0.0004012925850895593
35,0.85,120001,36,0.85,120002,0.001225618235255074
35,0.85,120001,36,0.85,120003,0.0003719965309048536
35,0.85,120001,36,0.85,120004,0.001549693040811603
35,0.85,120001,36,0.85,120005,0.002216845412629802
35,0.85,120001,36,0.85,120006,0.0006669896755893995
35,0.85,120001,36,0.85,120007,0.00032587937505859985
35,0.85,120001,36,0.85,120008,0.0009489306721533867
35,0.85,120001,36,0.85,120009,0.0011828296051432895
35,0.85,120001,36,0.85,120010,0.0007374660988591201
35,0.85,120001,36,0.85,120011,0.00033576472414707174
35,0.85,120001,36,0.85,120012,0.000420236632489406
35,0.85,120001,36,0.85,120013,0.0010949183621163671
35,0.85,120001,36,0.85,120014,0.0004942660397478593
35,0.85,120001,36,0.85,120015,0.000841869017237271
35,0.85,120001,36,0.85,120016,0.0004786123278323715
35,0.85,120001,36,0.85,120017,0.0009685459161164543
35,0.85,120001,36,0.85,120018,0.00021166634864954977
35,0.85,120001,36,0.85,120019,0.001126872479335737
35,0.85,120002,35,0.85,120003,0.0005830096920475617
35,0.85,120002,35,0.85,120004,0.0018604111702562993
35,0.85,120002,35,0.85,120005,0.0012547922325362318
35,0.85,120002,35,0.85,120006,0.00017373812417043635
35,0.85,120002,35,0.85,120007,0.00036574935258431034
35,0.85,120002,35,0.85,120008,0.00022300428391653436
35,0.85,120002,35,0.85,120009,0.0005161414981786608
35,0.85,120002,35,0.85,120010,0.0011601533288965822
35,0.85,120002,35,0.85,120011,0.0008231974215097777
35,0.85,120002,35,0.85,120012,0.0011414335916945504
35,0.85,120002,35,0.85,120013,0.0001771150181016435
35,0.85,120002,35,0.85,120014,0.00041556091422356815
35,0.85,120002,35,0.85,120015,0.00015770510021330034
35,0.85,120002,35,0.85,120016,0.0008045399532865573
35,0.85,120002,35,0.85,120017,0.00035197739199585576
35,0.85,120002,35,0.85,120018,0.0014097697889519434
35,0.85,120002,35,0.85,120019,0.0006918164490261643
35,0.85,120002,36,0.85,120000,0.0018378035947855416
35,0.85,120002,36,0.85,120001,0.0012576564996654466
35,0.85,120002,36,0.85,120002,0.0008021948010250103
35,0.85,120002,36,0.85,120003,0.0013377951711288118
35,0.85,120002,36,0.85,120004,0.002560929502254495
35,0.85,120002,36,0.85,120005,0.0012755957429569109
35,0.85,120002,36,0.85,120006,0.00048546367047523983
35,0.85,120002,36,0.85,120007,0.0009949661242543127
35,0.85,120002,36,0.85,120008,0.0014559194793576388
35,0.85,120002,36,0.85,120009,0.002205365538467825
35,0.85,120002,36,0.85,120010,0.0017738932742392033
35,0.85,120002,36,0.85,120011,0.0012909939776434268
35,0.85,120002,36,0.85,120012,0.0008437766289931636
35,0.85,120002,36,0.85,120013,0.0021245088467528673
35,0.85,120002,36,0.85,120014,0.0011833661026381436
35,0.85,120002,36,0.85,120015,0.0018458467771273138
35,0.85,120002,36,0.85,120016,0.00127219036360155
35,0.85,120002,36,0.85,120017,0.0019030180752968053
35,0.85,120002,36,0.85,120018,0.0011866166694638241
35,0.85,120002,36,0.85,120019,0.0021209145536118038
35,0.85,120003,35,0.85,120004,0.002433037486409646
35,0.85,120003,35,0.85,120005,0.0017976044523013229
35,0.85,120003,35,0.85,120006,0.0005201393843754059
35,0.85,120003,35,0.85,120007,0.0009242895595488694
35,0.85,120003,35,0.85,120008,0.000661557967072583
35,0.85,120003,35,0.85,120009,0.0010607923624249896
35,0.85,120003,35,0.85,120010,0.0017287652483740207
35,0.85,120003,35,0.85,120011,0.0013871145109644746
35,0.85,120003,35,0.85,120012,0.0017079709224975899
35,0.85,120003,35,0.85,120013,0.000514177564214334
35,0.85,120003,35,0.85,120014,0.00045074120065926487
35,0.85,120003,35,0.85,120015,0.000613988604234948
35,0.85,120003,35,0.85,120016,0.0013364612018185425
35,0.85,120003,35,0.85,120017,0.0009281784824198766
35,0.85,120003,35,0.85,120018,0.0019867072049523015
35,0.85,120003,35,0.85,120019,0.0012575396073498271
35,0.85,120003,36,0.85,120000,0.002407535393843197
35,0.85,120003,36,0.85,120001,0.0018299441453548467
35,0.85,120003,36,0.85,120002,0.00115777338114128
35,0.85,120003,36,0.85,120003,0.0019027166479497768
35,0.85,120003,36,0.85,120004,0.003140051253072987
35,0.85,120003,36,0.85,120005,0.0009895267817382459
35,0.85,120003,36,0.85,120006,0.001012993733222303
35,0.85,120003,36,0.85,120007,0.001565037000029412
35,0.85,120003,36,0.85,120008,0.0019888458880368168
35,0.85,120003,36,0.85,120009,0.002781446164523471
35,0.85,120003,36,0.85,120010,0.0023469187132300756
35,0.85,120003,36,0.85,120011,0.0018672997907230836
35,0.85,120003,36,0.85,120012,0.0014088279810217995
35,0.85,120003,36,0.85,120013,0.0026989175824196857
35,0.85,120003,36,0.85,120014,0.0017545893318551894
35,0.85,120003,36,0.85,120015,0.0024216754561914113
35,0.85,120003,36,0.85,120016,0.0018444492227565898
35,0.85,120003,36,0.85,120017,0.0024769416760525914
35,0.85,120003,36,0.85,120018,0.0017625926124159206
35,0.85,120003,36,0.85,120019,0.0026967750670264154
35,0.85,120004,35,0.85,120005,0.0010466810922711129
35,0.85,120004,35,0.85,120006,0.0019453476554586312
35,0.85,120004,35,0.85,120007,0.0015389681635419082
35,0.85,120004,35,0.85,120008,0.001866848562067101
35,0.85,120004,35,0.85,120009,0.001415833931977174
35,0.85,120004,35,0.85,120010,0.0007078154547353488
35,0.85,120004,35,0.85,120011,0.001054212371868863
35,0.85,120004,35,0.85,120012,0.0007413789823864902
35,0.85,120004,35,0.85,120013,0.001963653293703336
35,0.85,120004,35,0.85,120014,0.002146399818483826
35,0.85,120004,35,0.85,120015,0.0018279605777659583
35,0.85,120004,35,0.85,120016,0.00130401783879412
35,0.85,120004,35,0.85,120017,0.0015296523331500042
35,0.85,120004,35,0.85,120018,0.000465855962970495
35,0.85,120004,35,0.85,120019,0.0011767632794065864
35,0.85,120004,36,0.85,120000,0.0006516093583097223
35,0.85,120004,36,0.85,120001,0.0006660335252777971
35,0.85,120004,36,0.85,120002,0.0018165462279460254
35,0.85,120004,36,0.85,120003,0.0005655997419945798
35,0.85,120004,36,0.85,120004,0.0007451176426148743
35,0.85,120004,36,0.85,120005,0.0029304738264554027
35,0.85,120004,36,0.85,120006,0.0014477714576664382
35,0.85,120004,36,0.85,120007,0.0009119650880397947
35,0.85,120004,36,0.85,120008,0.0010416025468138349
35,0.85,120004,36,0.85,120009,0.00037126894675034783
35,0.85,120004,36,0.85,120010,0.00010306462158600092
35,0.85,120004,36,0.85,120011,0.0005838891629187897
35,0.85,120004,36,0.85,120012,0.0010753007847094194
35,0.85,120004,36,0.85,120013,0.00028282457125754625
35,0.85,120004,36,0.85,120014,0.0008174315074940515
35,0.85,120004,36,0.85,120015,0.00017666126336827396
35,0.85,120004,36,0.85,120016,0.0007029821057721718
35,0.85,120004,36,0.85,120017,0.00040759255545146225
35,0.85,120004,36,0.85,120018,0.0006767776558663553
35,0.85,120004,36,0.85,120019,0.00037023983862381884
35,0.85,120005,35,0.85,120006,0.0012986566683300782
35,0.85,120005,35,0.85,120007,0.0009159082077970426
35,0.85,120005,35,0.85,120008,0.001151946043928876
35,0.85,120005,35,0.85,120009,0.0010482935424369541
35,0.85,120005,35,0.85,120010,0.0007423473280110092
35,0.85,120005,35,0.85,120011,0.0007628430669068955
35,0.85,120005,35,0.85,120012,0.000784517496928886
35,0.85,120005,35,0.85,120013,0.0012948157740093752
35,0.85,120005,35,0.85,120014,0.0014336011945691558
35,0.85,120005,35,0.85,120015,0.00125685859662833
35,0.85,120005,35,0.85,120016,0.0004712869582237896
35,0.85,120005,35,0.85,120017,0.000994279036842309
35,0.85,120005,35,0.85,120018,0.0007135594190272518
35,0.85,120005,35,0.85,120019,0.0008236739717895103
35,0.85,120005,36,0.85,120000,0.0006736388618727982
35,0.85,120005,36,0.85,120001,0.0005021012687122928
35,0.85,120005,36,0.85,120002,0.0008554466323323245
35,0.85,120005,36,0.85,120003,0.0007026339825275569
35,0.85,120005,36,0.85,120004,0.0015455963550048849
35,0.85,120005,36,0.85,120005,0.002029918319930876
35,0.85,120005,36,0.85,120006,0.0009697703308238042
35,0.85,120005,36,0.85,120007,0.0005240945675230463
35,0.85,120005,36,0.85,120008,0.00021769565195772534
35,0.85,120005,36,0.85,120009,0.001264211002645816
35,0.85,120005,36,0.85,120010,0.0009921427789599487
35,0.85,120005,36,0.85,120011,0.0006179780349281783
35,0.85,120005,36,0.85,120012,0.000560613621886912
35,0.85,120005,36,0.85,120013,0.0012149979467136938
35,0.85,120005,36,0.85,120014,0.0003239045574501897
35,0.85,120005,36,0.85,120015,0.0009293368342999309
35,0.85,120005,36,0.85,120016,0.00040809115425391896
35,0.85,120005,36,0.85,120017,0.0008465281403925521
35,0.85,120005,36,0.85,120018,0.000670952208854092
35,0.85,120005,36,0.85,120019,0.0011186831954316631
35,0.85,120006,35,0.85,120007,0.0004180557352369236
35,0.85,120006,35,0.85,120008,0.0002641610015713795
35,0.85,120006,35,0.85,120009,0.0006553961039108734
35,0.85,120006,35,0.85,120010,0.0012471054107178819
35,0.85,120006,35,0.85,120011,0.0009004226473981565
35,0.85,120006,35,0.85,120012,0.0012377766891742237
35,0.85,120006,35,0.85,120013,0.00010669675478331146
35,0.85,120006,35,0.85,120014,0.00025909548604674656
35,0.85,120006,35,0.85,120015,0.0001719465873851363
35,0.85,120006,35,0.85,120016,0.0008324497451413415
35,0.85,120006,35,0.85,120017,0.00047752536339260623
35,0.85,120006,35,0.85,120018,0.0014989124296619111
35,0.85,120006,35,0.85,120019,0.0007827027403481497
35,0.85,120006,36,0.85,120000,0.001902218539812798
35,0.85,120006,36,0.85,120001,0.0013247255875949138
35,0.85,120006,36,0.85,120002,0.0007659265517552666
35,0.85,120006,36,0.85,120003,0.0014057771032750927
35,0.85,120006,36,0.85,120004,0.0026440976871786163
35,0.85,120006,36,0.85,120005,0.0011479809666025721
35,0.85,120006,36,0.85,120006,0.0005266260013181114
35,0.85,120006,36,0.85,120007,0.001059228771765341
35,0.85,120006,36,0.85,120008,0.0014910330737988803
35,0.85,120006,36,0.85,120009,0.0022889452489019157
35,0.85,120006,36,0.85,120010,0.0018626553238365886
35,0.85,120006,36,0.85,120011,0.0013715739618844805
35,0.85,120006,36,0.85,120012,0.0009002885093759726
35,0.85,120006,36,0.85,120013,0.0022044155896157346
35,0.85,120006,36,0.85,120014,0.001248628378218238
35,0.85,120006,36,0.85,120015,0.0019229275900509081
35,0.85,120006,36,0.85,120016,0.001338674499678019
35,0.85,120006,36,0.85,120017,0.001969782505944086
35,0.85,120006,36,0.85,120018,0.0012780328002301238
35,0.85,120006,36,0.85,120019,0.002195189455275622
35,0.85,120007,35,0.85,120008,0.0003681439811602033
35,0.85,120007,35,0.85,120009,0.00040723424854854164
35,0.85,120007,35,0.85,120010,0.0008517356990642803
35,0.85,120007,35,0.85,120011,0.0005167030808181208
35,0.85,120007,35,0.85,120012,0.0008495437353417042
35,0.85,120007,35,0.85,120013,0.00043639332180658277
35,0.85,120007,35,0.85,120014,0.0006196918342893193
35,0.85,120007,35,0.85,120015,0.0003448497591246698
35,0.85,120007,35,0.85,120016,0.00046658561583621773
35,0.85,120007,35,0.85,120017,0.0002336778726181498
35,0.85,120007,35,0.85,120018,0.001091834149726566
35,0.85,120007,35,0.85,120019,0.0004083231840789567
35,0.85,120007,36,0.85,120000,0.001492867796502574
35,0.85,120007,36,0.85,120001,0.0009108869929232805
35,0.85,120007,36,0.85,120002,0.0006520056696896933
35,0.85,120007,36,0.85,120003,0.0010032065756573605
35,0.85,120007,36,0.85,120004,0.002229915419757404
35,0.85,120007,36,0.85,120005,0.0014555786776607915
35,0.85,120007,36,0.85,120006,0.00023062516341075526
35,0.85,120007,36,0.85,120007,0.0006472940772706759
35,0.85,120007,36,0.85,120008,0.001112925253447255
35,0.85,120007,36,0.85,120009,0.0018767851471153446
35,0.85,120007,36,0.85,120010,0.0014567986712312807
35,0.85,120007,36,0.85,120011,0.0009617432718091313
35,0.85,120007,36,0.85,120012,0.0004880925570400386
35,0.85,120007,36,0.85,120013,0.001795279411516261
35,0.85,120007,36,0.85,120014,0.0008348081282320281
35,0.85,120007,36,0.85,120015,0.0015104992692036344
35,0.85,120007,36,0.85,120016,0.00092287028490125
35,0.85,120007,36,0.85,120017,0.001554657770914272
35,0.85,120007,36,0.85,120018,0.0008737620421906586
35,0.85,120007,36,0.85,120019,0.001781077619763967
35,0.85,120008,35,0.85,120009,0.0006052214051856635
35,0.85,120008,35,0.85,120010,0.001186340920409624
35,0.85,120008,35,0.85,120011,0.0008635701236481215
35,0.85,120008,35,0.85,120012,0.0011700699455080867
35,0.85,120008,35,0.85,120013,0.0002078569504749011
35,0.85,120008,35,0.85,120014,0.00042017909230825215
35,0.85,120008,35,0.85,120015,0.0003247003675250556
35,0.85,120008,35,0.85,120016,0.0007086618862966387
35,0.85,120008,35,0.85,120017,0.00039626506737093275
35,0.85,120008,35,0.85,120018,0.001408341956921715
35,0.85,120008,35,0.85,120019,0.0007380409320458792
35,0.85,120008,36,0.85,120000,0.0017696463255534732
35,0.85,120008,36,0.85,120001,0.0012383203463483816
35,0.85,120008,36,0.85,120002,0.000611251555326929
35,0.85,120008,36,0.85,120003,0.0013498282619004301
35,0.85,120008,36,0.85,120004,0.002539022280284381
35,0.85,120008,36,0.85,120005,0.001180680630621867
35,0.85,120008,36,0.85,120006,0.0005642492807932215
35,0.85,120008,36,0.85,120007,0.0009845019098650117
35,0.85,120008,36,0.85,120008,0.0013491027600687716
35,0.85,120008,36,0.85,120009,0.002194956861002516
35,0.85,120008,36,0.85,120010,0.0017805923867238657
35,0.85,120008,36,0.85,120011,0.0012871396299582957
35,0.85,120008,36,0.85,120012,0.0008273767481049051
35,0.85,120008,36,0.85,120013,0.002121867156171059
35,0.85,120008,36,0.85,120014,0.0011327809801457763
35,0.85,120008,36,0.85,120015,0.0018347785524421613
35,0.85,120008,36,0.85,120016,0.001234733566232216
35,0.85,120008,36,0.85,120017,0.0018661908529728044
35,0.85,120008,36,0.85,120018,0.0011955187694683846
35,0.85,120008,36,0.85,120019,0.002099254611421059
35,0.85,120009,35,0.85,120010,0.0007264212977410371
35,0.85,120009,35,0.85,120011,0.0004543584426001115
35,0.85,120009,35,0.85,120012,0.0006855446094528452
35,0.85,120009,35,0.85,120013,0.0006632553802475261
35,0.85,120009,35,0.85,120014,0.0009038591953065186
35,0.85,120009,35,0.85,120015,0.0005238586452272399
35,0.85,120009,35,0.85,120016,0.0007122600951567259
35,0.85,120009,35,0.85,120017,0.00023335275667237229
35,0.85,120009,35,0.85,120018,0.0009754610115985515
35,0.85,120009,35,0.85,120019,0.00031210160812479077
35,0.85,120009,36,0.85,120000,0.0015006282632972188
35,0.85,120009,36,0.85,120001,0.0008963009917055907
35,0.85,120009,36,0.85,120002,0.00099979122318984
35,0.85,120009,36,0.85,120003,0.0009461768689752164
35,0.85,120009,36,0.85,120004,0.002127677336712242
35,0.85,120009,36,0.85,120005,0.0017716882876459992
35,0.85,120009,36,0.85,120006,0.00039411270938433796
35,0.85,120009,36,0.85,120007,0.0006698264096655656
35,0.85,120009,36,0.85,120008,0.0012536565419177872
35,0.85,120009,36,0.85,120009,0.001767426181755011
35,0.85,120009,36,0.85,120010,0.0013242421753704517
35,0.85,120009,36,0.85,120011,0.0008830110086756361
35,0.85,120009,36,0.85,120012,0.0005759744937658167
35,0.85,120009,36,0.85,120013,0.001689515578385526
35,0.85,120009,36,0.85,120014,0.0008677529274384661
35,0.85,120009,36,0.85,120015,0.0014287609933190393
35,0.85,120009,36,0.85,120016,0.0009302655807322615
35,0.85,120009,36,0.85,120017,0.0015249009669079823
35,0.85,120009,36,0.85,120018,0.000754909250545976
35,0.85,120009,36,0.85,120019,0.001709644903972868
35,0.85,120010,35,0.85,120011,0.00035906859856921073
35,0.85,120010,35,0.85,120012,0.0001157997527895346
35,0.85,120010,35,0.85,120013,0.0012673165669291133
35,0.85,120010,35,0.85,120014,0.001457378445203883
35,0.85,120010,35,0.85,120015,0.0011239476402162077
35,0.85,120010,35,0.85,120016,0.0007385436484322812
35,0.85,120010,35,0.85,120017,0.0008367831486136867
35,0.85,120010,35,0.85,120018,0.0002946277599842716
35,0.85,120010,35,0.85,120019,0.0004732963403512401
35,0.85,120010,36,0.85,120000,0.0009046766778751751
35,0.85,120010,36,0.85,120001,0.0002926322152562206
35,0.85,120010,36,0.85,120002,0.001254022119260571
35,0.85,120010,36,0.85,120003,0.00025172627751465874
35,0.85,120010,36,0.85,120004,0.0014350041535426945
35,0.85,120010,36,0.85,120005,0.0022858270263392344
35,0.85,120010,36,0.85,120006,0.000753029354574209
35,0.85,120010,36,0.85,120007,0.0003165251386431684
35,0.85,120010,36,0.85,120008,0.0008745403353954945
35,0.85,120010,36,0.85,120009,0.0010662482845273447
35,0.85,120010,36,0.85,120010,0.000623332397871856
35,0.85,120010,36,0.85,120011,0.00021077179683929396
35,0.85,120010,36,0.85,120012,0.00043980512162079946
35,0.85,120010,36,0.85,120013,0.0009788719961746116
35,0.85,120010,36,0.85,120014,0.0004243319678230594
35,0.85,120010,36,0.85,120015,0.0007206638349170021
35,0.85,120010,36,0.85,120016,0.0003837463762229753
35,0.85,120010,36,0.85,120017,0.0008434729122042931
35,0.85,120010,36,0.85,120018,0.00011706022325373747
35,0.85,120010,36,0.85,120019,0.0010065000307689454
35,0.85,120011,35,0.85,120012,0.00037619391087689776
35,0.85,120011,35,0.85,120013,0.0009296152643821399
35,0.85,120011,35,0.85,120014,0.0011127983118494932
35,0.85,120011,35,0.85,120015,0.0007819434161388478
35,0.85,120011,35,0.85,120016,0.0005354736549875646
35,0.85,120011,35,0.85,120017,0.0005198559038416323
35,0.85,120011,35,0.85,120018,0.0006279584269967862
35,0.85,120011,35,0.85,120019,0.00016800556616878562
35,0.85,120011,36,0.85,120000,0.0011448558178029898
35,0.85,120011,36,0.85,120001,0.0004964497398091404
35,0.85,120011,36,0.85,120002,0.001008080091949673
35,0.85,120011,36,0.85,120003,0.0005251980367010619
35,0.85,120011,36,0.85,120004,0.0017728367153256326
35,0.85,120011,36,0.85,120005,0.0019561927499493178
35,0.85,120011,36,0.85,120006,0.00040331553962089095
35,0.85,120011,36,0.85,120007,0.00026733887061896217
35,0.85,120011,36,0.85,120008,0.0009410637568906654
35,0.85,120011,36,0.85,120009,0.0014089099834346758
35,0.85,120011,36,0.85,120010,0.0009742401237079677
35,0.85,120011,36,0.85,120011,0.0005045810787552451
35,0.85,120011,36,0.85,120012,0.00024160167591534367
35,0.85,120011,36,0.85,120013,0.001317247471258202
35,0.85,120011,36,0.85,120014,0.0005218941175382959
35,0.85,120011,36,0.85,120015,0.001048136070240889
35,0.85,120011,36,0.85,120016,0.0005558635305347887
35,0.85,120011,36,0.85,120017,0.0011382104813034335
35,0.85,120011,36,0.85,120018,0.0004095526148571358
35,0.85,120011,36,0.85,120019,0.001329942501676071
35,0.85,120012,35,0.85,120013,0.0012518952373785869
35,0.85,120012,35,0.85,120014,0.0014549620728048615
35,0.85,120012,35,0.85,120015,0.0011094642663925568
35,0.85,120012,35,0.85,120016,0.0007658866488417766
35,0.85,120012,35,0.85,120017,0.000813278924560611
35,0.85,120012,35,0.85,120018,0.0003215737686755441
35,0.85,120012,35,0.85,120019,0.00045777444388945106
35,0.85,120012,36,0.85,120000,0.0009502927254200065
35,0.85,120012,36,0.85,120001,0.000362376774524995
35,0.85,120012,36,0.85,120002,0.0012660854990146735
35,0.85,120012,36,0.85,120003,0.00034454586834398025
35,0.85,120012,36,0.85,120004,0.0014650543574276362
35,0.85,120012,36,0.85,120005,0.0022912458837828905
35,0.85,120012,36,0.85,120006,0.0007595884364652002
35,0.85,120012,36,0.85,120007,0.00037301399387541095
35,0.85,120012,36,0.85,120008,0.0009241711710846408
35,0.85,120012,36,0.85,120009,0.0010963220155442391
35,0.85,120012,36,0.85,120010,0.0006502166598523373
35,0.85,120012,36,0.85,120011,0.0002692725941797849
35,0.85,120012,36,0.85,120012,0.00047559897374474877
35,0.85,120012,36,0.85,120013,0.0010184306710948328
35,0.85,120012,36,0.85,120014,0.00046839129634304935
35,0.85,120012,36,0.85,120015,0.0007683754274428923
35,0.85,120012,36,0.85,120016,0.0004382645681708792
35,0.85,120012,36,0.85,120017,0.0008953667372561368
35,0.85,120012,36,0.85,120018,0.00014909989669903775
35,0.85,120012,36,0.85,120019,0.001049255326013602
35,0.85,120013,35,0.85,120014,0.00027060562286323916
35,0.85,120013,35,0.85,120015,0.00021647493411901348
35,0.85,120013,35,0.85,120016,0.0008349501926953069
35,0.85,120013,35,0.85,120017,0.00047991122783099747
35,0.85,120013,35,0.85,120018,0.0015109445229022822
35,0.85,120013,35,0.85,120019,0.0008031743971286205
35,0.85,120013,36,0.85,120000,0.0019060998669830473
35,0.85,120013,36,0.85,120001,0.0013405689062689398
35,0.85,120013,36,0.85,120002,0.0007340737590138909
35,0.85,120013,36,0.85,120003,0.0014325422354422568
35,0.85,120013,36,0.85,120004,0.002655846152531635
35,0.85,120013,36,0.85,120005,0.0011271426570823853
35,0.85,120013,36,0.85,120006,0.0005742215862281901
35,0.85,120013,36,0.85,120007,0.0010807321617242525
35,0.85,120013,36,0.85,120008,0.0014889728097008167
35,0.85,120013,36,0.85,120009,0.0023030771424154936
35,0.85,120013,36,0.85,120010,0.001878794677874189
35,0.85,120013,36,0.85,120011,0.0013867740707689707
35,0.85,120013,36,0.85,120012,0.000919481132959074
35,0.85,120013,36,0.85,120013,0.0022235397518036884
35,0.85,120013,36,0.85,120014,0.001254651783278216
35,0.85,120013,36,0.85,120015,0.0019401861738282964
35,0.85,120013,36,0.85,120016,0.0013491287058526
35,0.85,120013,36,0.85,120017,0.0019824509321614914
35,0.85,120013,36,0.85,120018,0.0012924447305162354
35,0.85,120013,36,0.85,120019,0.0022107113650947138
35,0.85,120014,35,0.85,120015,0.0004004689097015103
35,0.85,120014,35,0.85,120016,0.0009690797885548161
35,0.85,120014,35,0.85,120017,0.0007197759677707741
35,0.85,120014,35,0.85,120018,0.001703835062758881
35,0.85,120014,35,0.85,120019,0.00100491808790883
35,0.85,120014,36,0.85,120000,0.0020654686504588786
35,0.85,120014,36,0.85,120001,0.0015086582584115423
35,0.85,120014,36,0.85,120002,0.0007770653953815023
35,0.85,120014,36,0.85,120003,0.001597418551466681
35,0.85,120014,36,0.85,120004,0.0028346614979771166
35,0.85,120014,36,0.85,120005,0.000923373195609709
35,0.85,120014,36,0.85,120006,0.0007284406652273991
35,0.85,120014,36,0.85,120007,0.0012476501966749202
35,0.85,120014,36,0.85,120008,0.0016122460159252684
35,0.85,120014,36,0.85,120009,0.002483218754570224
35,0.85,120014,36,0.85,120010,0.0020666138595323963
35,0.85,120014,36,0.85,120011,0.0015706453341578516
35,0.85,120014,36,0.85,120012,0.0010814821741016534
35,0.85,120014,36,0.85,120013,0.0023988491613438565
35,0.85,120014,36,0.85,120014,0.0014228257300636967
35,0.85,120014,36,0.85,120015,0.002113333116578056
35,0.85,120014,36,0.85,120016,0.0015165101925561913
35,0.85,120014,36,0.85,120017,0.0021432729649117524
35,0.85,120014,36,0.85,120018,0.0014881714465375699
35,0.85,120014,36,0.85,120019,0.0023797209917095154
35,0.85,120015,35,0.85,120016,0.0007998849484631263
35,0.85,120015,35,0.85,120017,0.0003849593233234926
35,0.85,120015,35,0.85,120018,0.0013860909174411703
35,0.85,120015,35,0.85,120019,0.0006555891435164924
35,0.85,120015,36,0.85,120000,0.00183043165958936
35,0.85,120015,36,0.85,120001,0.001226572236125083
35,0.85,120015,36,0.85,120002,0.0008326633903893168
35,0.85,120015,36,0.85,120003,0.0012935149825031521
35,0.85,120015,36,0.85,120004,0.002539217041905285
35,0.85,120015,36,0.85,120005,0.001309413608982924
35,0.85,120015,36,0.85,120006,0.00040812834822326945
35,0.85,120015,36,0.85,120007,0.0009642451917567895
35,0.85,120015,36,0.85,120008,0.0014518443905675565
35,0.85,120015,36,0.85,120009,0.0021777300683380233
35,0.85,120015,36,0.85,120010,0.0017438246817755218
35,0.85,120015,36,0.85,120011,0.0012632626042841807
35,0.85,120015,36,0.85,120012,0.0008095269915739036
35,0.85,120015,36,0.85,120013,0.002092972636624978
35,0.85,120015,36,0.85,120014,0.0011681520050548816
35,0.85,120015,36,0.85,120015,0.0018167132424547724
35,0.85,120015,36,0.85,120016,0.001249535085593337
35,0.85,120015,36,0.85,120017,0.001877744735427643
35,0.85,120015,36,0.85,120018,0.0011625010340006955
35,0.85,120015,36,0.85,120019,0.002093338982228463
35,0.85,120016,35,0.85,120017,0.0005936265035617941
35,0.85,120016,35,0.85,120018,0.0008800651950987321
35,0.85,120016,35,0.85,120019,0.0005331879205885375
35,0.85,120016,36,0.85,120000,0.0011029598020276543
35,0.85,120016,36,0.85,120001,0.0006423650986086549
35,0.85,120016,36,0.85,120002,0.0005302014836369693
35,0.85,120016,36,0.85,120003,0.0008021197236846045
35,0.85,120016,36,0.85,120004,0.0019208433918593035
35,0.85,120016,36,0.85,120005,0.0016377139089045422
35,0.85,120016,36,0.85,120006,0.0005585536745866899
35,0.85,120016,36,0.85,120007,0.00044288928192545566
35,0.85,120016,36,0.85,120008,0.0006603582009427955
35,0.85,120016,36,0.85,120009,0.0015964202461281355
35,0.85,120016,36,0.85,120010,0.001232998615253345
35,0.85,120016,36,0.85,120011,0.0007430670459622853
35,0.85,120016,36,0.85,120012,0.00032759411585787154
35,0.85,120016,36,0.85,120013,0.0015253927156806298
35,0.85,120016,36,0.85,120014,0.0005009018654584495
35,0.85,120016,36,0.85,120015,0.001229882277520764
35,0.85,120016,36,0.85,120016,0.0006106209157120538
35,0.85,120016,36,0.85,120017,0.0012147292820284985
35,0.85,120016,36,0.85,120018,0.0007170172041073994
35,0.85,120016,36,0.85,120019,0.0014703815364920563
35,0.85,120017,35,0.85,120018,0.001074758850235722
35,0.85,120017,35,0.85,120019,0.000387092266858802
35,0.85,120017,36,0.85,120000,0.0015266687033041288
35,0.85,120017,36,0.85,120001,0.0009452845264373175
35,0.85,120017,36,0.85,120002,0.0007963030980374477
35,0.85,120017,36,0.85,120003,0.001027825125820878
35,0.85,120017,36,0.85,120004,0.002225730942983626
35,0.85,120017,36,0.85,120005,0.0015600606460539552
35,0.85,120017,36,0.85,120006,0.0003324406632293305
35,0.85,120017,36,0.85,120007,0.0006936109431214077
35,0.85,120017,36,0.85,120008,0.001204024346437881
35,0.85,120017,36,0.85,120009,0.001872526283785981
35,0.85,120017,36,0.85,120010,0.0014413273142463285
35,0.85,120017,36,0.85,120011,0.0009635934870404753
35,0.85,120017,36,0.85,120012,0.0005629465870531506
35,0.85,120017,36,0.85,120013,0.0017938341880482562
35,0.85,120017,36,0.85,120014,0.0008790286939079652
35,0.85,120017,36,0.85,120015,0.001518330951898533
35,0.85,120017,36,0.85,120016,0.0009633282711699103
35,0.85,120017,36,0.85,120017,0.001584946670392133
35,0.85,120017,36,0.85,120018,0.0008552083242375607
35,0.85,120017,36,0.85,120019,0.001793874151571673
35,0.85,120018,35,0.85,120019,0.0007371200534193381
35,0.85,120018,36,0.85,120000,0.0006636254380207046
35,0.85,120018,36,0.85,120001,0.00028130663573254353
35,0.85,120018,36,0.85,120002,0.0013928005927672075
35,0.85,120018,36,0.85,120003,0.0002627513944624749
35,0.85,120018,36,0.85,120004,0.0011609131079697778
35,0.85,120018,36,0.85,120005,0.002492420812735395
35,0.85,120018,36,0.85,120006,0.001022351310314774
35,0.85,120018,36,0.85,120007,0.0004904396391114291
35,0.85,120018,36,0.85,120008,0.0007938122273235989
35,0.85,120018,36,0.85,120009,0.0008005696142086283
35,0.85,120018,36,0.85,120010,0.00037715716469466685
35,0.85,120018,36,0.85,120011,0.0001515274562937676
35,0.85,120018,36,0.85,120012,0.0006434754292165738
35,0.85,120018,36,0.85,120013,0.0007273198468792307
35,0.85,120018,36,0.85,120014,0.00042290086481712225
35,0.85,120018,36,0.85,120015,0.00046378843344192826
35,0.85,120018,36,0.85,120016,0.00033452821088845254
35,0.85,120018,36,0.85,120017,0.0005879533215474172
35,0.85,120018,36,0.85,120018,0.0002303679543192257
35,0.85,120018,36,0.85,120019,0.0007408799764699811
35,0.85,120019,36,0.85,120000,0.0012527475148066019
35,0.85,120019,36,0.85,120001,0.0006157040139175384
35,0.85,120019,36,0.85,120002,0.0009500312347563914
35,0.85,120019,36,0.85,120003,0.0006653316990871762
35,0.85,120019,36,0.85,120004,0.0018936890434646378
35,0.85,120019,36,0.85,120005,0.0018620040673800798
35,0.85,120019,36,0.85,120006,0.0003223152792199835
35,0.85,120019,36,0.85,120007,0.0003829192324687005
35,0.85,120019,36,0.85,120008,0.0010139217370515826
35,0.85,120019,36,0.85,120009,0.0015290956149762206
35,0.85,120019,36,0.85,120010,0.0010908245735389503
35,0.85,120019,36,0.85,120011,0.0006227560303476579
35,0.85,120019,36,0.85,120012,0.00029813657394276534
35,0.85,120019,36,0.85,120013,0.0014457979568051947
35,0.85,120019,36,0.85,120014,0.0006080854121983881
35,0.85,120019,36,0.85,120015,0.0011758528898814977
35,0.85,120019,36,0.85,120016,0.0006593893540305541
35,0.85,120019,36,0.85,120017,0.0012613204260688564
35,0.85,120019,36,0.85,120018,0.0005120463357982994
35,0.85,120019,36,0.85,120019,0.0014563467063813914
36,0.85,120000,36,0.85,120001,0.0006652758637406885
36,0.85,120000,36,0.85,120002,0.0015256868606329734
36,0.85,120000,36,0.85,120003,0.0007486066808979679
36,0.85,120000,36,0.85,120004,0.0009001209812666734
36,0.85,120000,36,0.85,120005,0.0026991306279493935
36,0.85,120000,36,0.85,120006,0.0014831592200857916
36,0.85,120000,36,0.85,120007,0.0008999559154568279
36,0.85,120000,36,0.85,120008,0.0005672220044001406
36,0.85,120000,36,0.85,120009,0.000692073880635838
36,0.85,120000,36,0.85,120010,0.0006516223632347307
36,0.85,120000,36,0.85,120011,0.0006963119405069654
36,0.85,120000,36,0.85,120012,0.0010373818357856618
36,0.85,120000,36,0.85,120013,0.000682021122655225
36,0.85,120000,36,0.85,120014,0.0006652796160043788
36,0.85,120000,36,0.85,120015,0.0004901279928012378
36,0.85,120000,36,0.85,120016,0.0006031267580326622
36,0.85,120000,36,0.85,120017,0.0002979210129844018
36,0.85,120000,36,0.85,120018,0.0008206688358748984
36,0.85,120000,36,0.85,120019,0.0005290571470659911
36,0.85,120001,36,0.85,120002,0.0011613813733188445
36,0.85,120001,36,0.85,120003,0.00021134127534622467
36,0.85,120001,36,0.85,120004,0.0013275669595669611
36,0.85,120001,36,0.85,120005,0.0022665848737162004
36,0.85,120001,36,0.85,120006,0.0008529837749295319
36,0.85,120001,36,0.85,120007,0.00027432364382350073
36,0.85,120001,36,0.85,120008,0.0005991508822068723
36,0.85,120001,36,0.85,120009,0.0009784864628402511
36,0.85,120001,36,0.85,120010,0.000597784577018359
36,0.85,120001,36,0.85,120011,0.00014920549655657612
36,0.85,120001,36,0.85,120012,0.0004296815293916184
36,0.85,120001,36,0.85,120013,0.0008996331708456773
36,0.85,120001,36,0.85,120014,0.00019973308580715658
36,0.85,120001,36,0.85,120015,0.0006084899368503682
36,0.85,120001,36,0.85,120016,0.00011276735634862732
36,0.85,120001,36,0.85,120017,0.0006532307321763593
36,0.85,120001,36,0.85,120018,0.00024313994806446604
36,0.85,120001,36,0.85,120019,0.0008726849837482692
36,0.85,120002,36,0.85,120003,0.0013287155899572027
36,0.85,120002,36,0.85,120004,0.002391460868712195
36,0.85,120002,36,0.85,120005,0.001187370039793292
36,0.85,120002,36,0.85,120006,0.0008414804420325856
36,0.85,120002,36,0.85,120007,0.0009697876320609701
36,0.85,120002,36,0.85,120008,0.0009980722363381075
36,0.85,120002,36,0.85,120009,0.002087383592586974
36,0.85,120002,36,0.85,120010,0.0017455826758399078
36,0.85,120002,36,0.85,120011,0.001262775306150505
36,0.85,120002,36,0.85,120012,0.0008336470991037322
36,0.85,120002,36,0.85,120013,0.0020267039195438316
36,0.85,120002,36,0.85,120014,0.0010007599082181992
36,0.85,120002,36,0.85,120015,0.0017320025951285485
36,0.85,120002,36,0.85,120016,0.0011161648545269219
36,0.85,120002,36,0.85,120017,0.0016848235262208941
36,0.85,120002,36,0.85,120018,0.0012318696928257241
36,0.85,120002,36,0.85,120019,0.0019528091799657563
36,0.85,120003,36,0.85,120004,0.0012745318763673385
36,0.85,120003,36,0.85,120005,0.002391895333855405
36,0.85,120003,36,0.85,120006,0.0009000223309314581
36,0.85,120003,36,0.85,120007,0.0003794824882293143
36,0.85,120003,36,0.85,120008,0.000780472921093
36,0.85,120003,36,0.85,120009,0.0009100529586841719
36,0.85,120003,36,0.85,120010,0.0005039419915172125
36,0.85,120003,36,0.85,120011,0.00018276320465178002
36,0.85,120003,36,0.85,120012,0.0005372369880331596
36,0.85,120003,36,0.85,120013,0.0008118749189783826
36,0.85,120003,36,0.85,120014,0.0004080282884540037
36,0.85,120003,36,0.85,120015,0.0005453441899306683
36,0.85,120003,36,0.85,120016,0.0003136665104627167
36,0.85,120003,36,0.85,120017,0.0006531630680146217
36,0.85,120003,36,0.85,120018,0.0002639403424304734
36,0.85,120003,36,0.85,120019,0.000823694140176722
36,0.85,120004,36,0.85,120005,0.003553872608953426
36,0.85,120004,36,0.85,120006,0.0021630666108787035
36,0.85,120004,36,0.85,120007,0.00159252220222713
36,0.85,120004,36,0.85,120008,0.0014557214010786552
36,0.85,120004,36,0.85,120009,0.0003787667002501808
36,0.85,120004,36,0.85,120010,0.0008260381435285536
36,0.85,120004,36,0.85,120011,0.00127697388344037
36,0.85,120004,36,0.85,120012,0.0017548736377702712
36,0.85,120004,36,0.85,120013,0.00048519938596973443
36,0.85,120004,36,0.85,120014,0.0014278918680845454
36,0.85,120004,36,0.85,120015,0.000731504150173617
36,0.85,120004,36,0.85,120016,0.0013251135733695339
36,0.85,120004,36,0.85,120017,0.000723240599273599
36,0.85,120004,36,0.85,120018,0.0013845668342487168
36,0.85,120004,36,0.85,120019,0.0004692532185640236
36,0.85,120005,36,0.85,120006,0.0016055113539786778
36,0.85,120005,36,0.85,120007,0.0020249230936048436
36,0.85,120005,36,0.85,120008,0.0021661794417397635
36,0.85,120005,36,0.85,120009,0.0032332111925538138
36,0.85,120005,36,0.85,120010,0.002856538093088363
36,0.85,120005,36,0.85,120011,0.002354791977967085
36,0.85,120005,36,0.85,120012,0.001865043237983459
36,0.85,120005,36,0.85,120013,0.0031580101014191155
36,0.85,120005,36,0.85,120014,0.0021372607679128563
36,0.85,120005,36,0.85,120015,0.0028637576970456905
36,0.85,120005,36,0.85,120016,0.0022455400501987456
36,0.85,120005,36,0.85,120017,0.002840403914149078
36,0.85,120005,36,0.85,120018,0.0022949273865798753
36,0.85,120005,36,0.85,120019,0.003102384113396675
36,0.85,120006,36,0.85,120007,0.000590503532155275
36,0.85,120006,36,0.85,120008,0.0011571095063429059
36,0.85,120006,36,0.85,120009,0.0017997289069597694
36,0.85,120006,36,0.85,120010,0.0013693204863568338
36,0.85,120006,36,0.85,120011,0.0008921302110933997
36,0.85,120006,36,0.85,120012,0.00045040675697389165
36,0.85,120006,36,0.85,120013,0.0017075986427704632
36,0.85,120006,36,0.85,120014,0.0008272086427725092
36,0.85,120006,36,0.85,120015,0.0014342133397196458
36,0.85,120006,36,0.85,120016,0.0008911685350035424
36,0.85,120006,36,0.85,120017,0.0015028838682304676
36,0.85,120006,36,0.85,120018,0.0008022277140724847
36,0.85,120006,36,0.85,120019,0.0017116678301121531
36,0.85,120007,36,0.85,120008,0.0006849646864921856
36,0.85,120007,36,0.85,120009,0.001241167634521136
36,0.85,120007,36,0.85,120010,0.000838733231665433
36,0.85,120007,36,0.85,120011,0.00034373659483662644
36,0.85,120007,36,0.85,120012,0.00017770670425593246
36,0.85,120007,36,0.85,120013,0.0011561206549242924
36,0.85,120007,36,0.85,120014,0.0002727888766275512
36,0.85,120007,36,0.85,120015,0.000868986502533747
36,0.85,120007,36,0.85,120016,0.0003101729649912173
36,0.85,120007,36,0.85,120017,0.000918921639847168
36,0.85,120007,36,0.85,120018,0.00031154605825102103
36,0.85,120007,36,0.85,120019,0.0011379834500244222
36,0.85,120008,36,0.85,120009,0.001205912638117666
36,0.85,120008,36,0.85,120010,0.0010039707560238827
36,0.85,120008,36,0.85,120011,0.0007186789492574453
36,0.85,120008,36,0.85,120012,0.0007414949810838669
36,0.85,120008,36,0.85,120013,0.001167973953926413
36,0.85,120008,36,0.85,120014,0.00046133338148494
36,0.85,120008,36,0.85,120015,0.000901058003662196
36,0.85,120008,36,0.85,120016,0.0005003868910163603
36,0.85,120008,36,0.85,120017,0.000767251829553483
36,0.85,120008,36,0.85,120018,0.0008011912946965154
36,0.85,120008,36,0.85,120019,0.0010438766909286984
36,0.85,120009,36,0.85,120010,0.000452849765333146
36,0.85,120009,36,0.85,120011,0.0009185396154249721
36,0.85,120009,36,0.85,120012,0.0014036607654847417
36,0.85,120009,36,0.85,120013,0.00014706232967413613
36,0.85,120009,36,0.85,120014,0.001099094622335328
36,0.85,120009,36,0.85,120015,0.000380201823415813
36,0.85,120009,36,0.85,120016,0.0009892275556026991
36,0.85,120009,36,0.85,120017,0.0004495772879257136
36,0.85,120009,36,0.85,120018,0.0010224576924348179
36,0.85,120009,36,0.85,120019,0.00019748596712108933
36,0.85,120010,36,0.85,120011,0.0005043891415475438
36,0.85,120010,36,0.85,120012,0.0009991732049427803
36,0.85,120010,36,0.85,120013,0.00037794559933556504
36,0.85,120010,36,0.85,120014,0.0007482598247348088
36,0.85,120010,36,0.85,120015,0.00021633795117549347
36,0.85,120010,36,0.85,120016,0.0006370375165878488
36,0.85,120010,36,0.85,120017,0.00043812114776228806
36,0.85,120010,36,0.85,120018,0.0005888808351939594
36,0.85,120010,36,0.85,120019,0.00044806059252182546
36,0.85,120011,36,0.85,120012,0.0005011880219386985
36,0.85,120011,36,0.85,120013,0.0008380388070040541
36,0.85,120011,36,0.85,120014,0.0003077268568840983
36,0.85,120011,36,0.85,120015,0.0005590089622110551
36,0.85,120011,36,0.85,120016,0.0002277998485391267
36,0.85,120011,36,0.85,120017,0.0006516184389856851
36,0.85,120011,36,0.85,120018,0.00014579006118598371
36,0.85,120011,36,0.85,120019,0.000837348878445417
36,0.85,120012,36,0.85,120013,0.0013209386369099083
36,0.85,120012,36,0.85,120014,0.00038147390430506574
36,0.85,120012,36,0.85,120015,0.0010331439298189554
36,0.85,120012,36,0.85,120016,0.0004508170948875965
36,0.85,120012,36,0.85,120017,0.0010732522923242198
36,0.85,120012,36,0.85,120018,0.0004498447404650085
36,0.85,120012,36,0.85,120019,0.0013005522337399258
36,0.85,120013,36,0.85,120014,0.001034914365515774
36,0.85,120013,36,0.85,120015,0.0002973906148477729
36,0.85,120013,36,0.85,120016,0.000921821620568864
36,0.85,120013,36,0.85,120017,0.00041637496047061993
36,0.85,120013,36,0.85,120018,0.0009441294504742288
36,0.85,120013,36,0.85,120019,0.0001962792776073413
36,0.85,120014,36,0.85,120015,0.0007393609022836219
36,0.85,120014,36,0.85,120016,0.000123601663156797
36,0.85,120014,36,0.85,120017,0.0007355936168781633
36,0.85,120014,36,0.85,120018,0.0003532024346901362
36,0.85,120014,36,0.85,120019,0.0009814270213689257
36,0.85,120015,36,0.85,120016,0.0006261410598824021
36,0.85,120015,36,0.85,120017,0.00024068181252046307
36,0.85,120015,36,0.85,120018,0.0006759946699163311
36,0.85,120015,36,0.85,120019,0.00028947870417708266
36,0.85,120016,36,0.85,120017,0.0006348155717577731
36,0.85,120016,36,0.85,120018,0.0003124062344480704
36,0.85,120016,36,0.85,120019,0.00087324704925799
36,0.85,120017,36,0.85,120018,0.0007835758779595306
36,0.85,120017,36,0.85,120019,0.0002802031026211652
36,0.85,120018,36,0.85,120019,0.0009572376392051617
